datetime,ventas
2024-01-01 15:00:00,200.6
2024-01-01 16:00:00,174.9
2024-01-01 17:00:00,204.9
2024-01-01 18:00:00,282.2
2024-01-01 19:00:00,249.8
2024-01-01 20:00:00,147.7
2024-01-01 21:00:00,166.9
2024-01-01 22:00:00,32.2
2024-01-01 23:00:00,24.9
2024-01-02 15:00:00,17.1
2024-01-02 16:00:00,57.1
2024-01-02 17:00:00,107.2
2024-01-02 18:00:00,196.3
2024-01-02 19:00:00,301.0
2024-01-02 20:00:00,153.8
2024-01-02 21:00:00,29.9
2024-01-02 22:00:00,19.4
2024-01-03 14:00:00,13.9
2024-01-03 15:00:00,137.9
2024-01-03 16:00:00,80.3
2024-01-03 17:00:00,125.1
2024-01-03 18:00:00,205.3
2024-01-03 19:00:00,250.9
2024-01-03 20:00:00,330.9
2024-01-03 21:00:00,101.2
2024-01-03 22:00:00,195.7
2024-01-03 23:00:00,65.7
2024-01-04 00:00:00,8.0
2024-01-04 14:00:00,35.199999999999996
2024-01-04 15:00:00,90.6
2024-01-04 16:00:00,82.1
2024-01-04 17:00:00,96.3
2024-01-04 18:00:00,262.9
2024-01-04 19:00:00,167.4
2024-01-04 20:00:00,185.8
2024-01-04 21:00:00,99.2
2024-01-04 22:00:00,125.6
2024-01-04 23:00:00,37.1
2024-01-05 13:00:00,30.6
2024-01-05 14:00:00,21.4
2024-01-05 15:00:00,38.5
2024-01-05 16:00:00,54.9
2024-01-05 17:00:00,163.1
2024-01-05 18:00:00,251.8
2024-01-05 19:00:00,195.6
2024-01-05 20:00:00,64.9
2024-01-05 21:00:00,83.89999999999999
2024-01-05 22:00:00,58.4
2024-01-05 23:00:00,22.7
2024-01-06 13:00:00,94.7
2024-01-06 14:00:00,28.8
2024-01-06 15:00:00,8.2
2024-01-06 16:00:00,68.3
2024-01-06 17:00:00,73.3
2024-01-06 18:00:00,81.5
2024-01-06 19:00:00,140.6
2024-01-06 20:00:00,57.3
2024-01-06 21:00:00,35.199999999999996
2024-01-06 22:00:00,62.1
2024-01-06 23:00:00,67.8
2024-01-07 13:00:00,69.0
2024-01-07 14:00:00,7.6
2024-01-07 15:00:00,74.5
2024-01-07 16:00:00,101.7
2024-01-07 17:00:00,98.3
2024-01-07 18:00:00,101.39999999999999
2024-01-07 19:00:00,113.7
2024-01-07 20:00:00,86.1
2024-01-07 21:00:00,20.3
2024-01-07 22:00:00,18.4
2024-01-08 12:00:00,4.699999999999999
2024-01-08 13:00:00,13.0
2024-01-08 14:00:00,5.8
2024-01-08 15:00:00,21.299999999999997
2024-01-08 16:00:00,28.200000000000003
2024-01-08 17:00:00,31.0
2024-01-08 18:00:00,82.2
2024-01-08 19:00:00,56.0
2024-01-08 20:00:00,37.2
2024-01-08 21:00:00,15.9
2024-01-10 13:00:00,2.9
2024-01-10 15:00:00,31.5
2024-01-10 16:00:00,2.9
2024-01-10 17:00:00,11.6
2024-01-10 18:00:00,29.8
2024-01-10 19:00:00,84.9
2024-01-10 21:00:00,15.8
2024-01-11 12:00:00,2.0
2024-01-11 13:00:00,0.0
2024-01-11 14:00:00,2.9
2024-01-11 15:00:00,13.100000000000001
2024-01-11 16:00:00,15.5
2024-01-11 17:00:00,18.2
2024-01-11 18:00:00,30.5
2024-01-11 19:00:00,74.3
2024-01-11 20:00:00,12.4
2024-01-11 21:00:00,3.3
2024-01-11 22:00:00,0.0
2024-01-12 12:00:00,0.0
2024-01-12 13:00:00,30.6
2024-01-12 14:00:00,14.100000000000001
2024-01-12 16:00:00,101.5
2024-01-12 17:00:00,68.8
2024-01-12 18:00:00,58.8
2024-01-12 19:00:00,166.6
2024-01-12 20:00:00,62.8
2024-01-12 21:00:00,40.2
2024-01-12 22:00:00,30.5
2024-01-12 23:00:00,71.8
2024-01-13 00:00:00,7.2
2024-01-13 13:00:00,29.4
2024-01-13 14:00:00,47.3
2024-01-13 15:00:00,119.5
2024-01-13 16:00:00,140.2
2024-01-13 17:00:00,79.0
2024-01-13 18:00:00,200.3
2024-01-13 19:00:00,217.9
2024-01-13 20:00:00,203.9
2024-01-13 21:00:00,65.5
2024-01-13 22:00:00,167.4
2024-01-13 23:00:00,193.6
2024-01-14 00:00:00,31.7
2024-01-14 13:00:00,2.0
2024-01-14 14:00:00,31.5
2024-01-14 15:00:00,48.1
2024-01-14 16:00:00,126.10000000000001
2024-01-14 17:00:00,75.5
2024-01-14 18:00:00,136.5
2024-01-14 19:00:00,151.6
2024-01-14 20:00:00,99.3
2024-01-14 21:00:00,23.099999999999998
2024-01-15 14:00:00,17.1
2024-01-15 15:00:00,40.0
2024-01-15 16:00:00,61.599999999999994
2024-01-15 17:00:00,75.1
2024-01-15 18:00:00,141.79999999999998
2024-01-15 19:00:00,65.7
2024-01-15 20:00:00,35.0
2024-01-15 21:00:00,16.7
2024-01-15 22:00:00,22.9
2024-01-17 14:00:00,13.8
2024-01-17 15:00:00,30.0
2024-01-17 16:00:00,22.8
2024-01-17 17:00:00,61.8
2024-01-17 18:00:00,130.7
2024-01-17 19:00:00,196.4
2024-01-17 20:00:00,86.0
2024-01-17 21:00:00,64.3
2024-01-17 22:00:00,28.200000000000003
2024-01-17 23:00:00,3.8
2024-01-18 12:00:00,11.0
2024-01-18 13:00:00,23.6
2024-01-18 14:00:00,35.1
2024-01-18 15:00:00,36.0
2024-01-18 16:00:00,14.7
2024-01-18 17:00:00,5.3
2024-01-18 18:00:00,37.8
2024-01-18 19:00:00,42.2
2024-01-18 20:00:00,59.4
2024-01-18 21:00:00,16.0
2024-01-18 22:00:00,6.6
2024-01-19 13:00:00,17.0
2024-01-19 14:00:00,9.0
2024-01-19 15:00:00,51.199999999999996
2024-01-19 16:00:00,9.7
2024-01-19 17:00:00,61.7
2024-01-19 18:00:00,53.7
2024-01-19 19:00:00,140.9
2024-01-19 20:00:00,41.8
2024-01-19 21:00:00,65.8
2024-01-19 22:00:00,57.2
2024-01-19 23:00:00,42.0
2024-01-20 00:00:00,20.5
2024-01-20 13:00:00,6.6
2024-01-20 14:00:00,36.1
2024-01-20 15:00:00,126.89999999999999
2024-01-20 16:00:00,194.3
2024-01-20 17:00:00,129.7
2024-01-20 18:00:00,165.0
2024-01-20 19:00:00,218.9
2024-01-20 20:00:00,260.1
2024-01-20 21:00:00,106.2
2024-01-20 22:00:00,97.8
2024-01-20 23:00:00,102.5
2024-01-21 00:00:00,46.400000000000006
2024-01-21 12:00:00,5.8
2024-01-21 13:00:00,55.7
2024-01-21 14:00:00,70.7
2024-01-21 15:00:00,169.4
2024-01-21 16:00:00,339.4
2024-01-21 17:00:00,430.2
2024-01-21 18:00:00,340.6
2024-01-21 19:00:00,289.5
2024-01-21 20:00:00,189.2
2024-01-21 21:00:00,86.8
2024-01-21 22:00:00,18.0
2024-01-21 23:00:00,37.300000000000004
2024-01-31 12:00:00,9.5
2024-01-31 13:00:00,6.3
2024-01-31 14:00:00,33.5
2024-01-31 15:00:00,63.5
2024-01-31 16:00:00,67.5
2024-01-31 17:00:00,125.1
2024-01-31 18:00:00,180.9
2024-01-31 19:00:00,134.6
2024-01-31 20:00:00,57.7
2024-01-31 21:00:00,51.1
2024-01-31 22:00:00,60.2
2024-01-31 23:00:00,10.7
2024-02-01 13:00:00,20.3
2024-02-01 14:00:00,9.0
2024-02-01 15:00:00,26.4
2024-02-01 16:00:00,39.2
2024-02-01 17:00:00,33.6
2024-02-01 18:00:00,104.7
2024-02-01 19:00:00,90.3
2024-02-01 20:00:00,43.400000000000006
2024-02-01 21:00:00,5.8
2024-02-01 22:00:00,68.3
2024-02-01 23:00:00,16.5
2024-02-02 11:00:00,30.0
2024-02-02 12:00:00,6.6
2024-02-02 13:00:00,121.0
2024-02-02 14:00:00,35.2
2024-02-02 15:00:00,49.4
2024-02-02 16:00:00,107.6
2024-02-02 17:00:00,136.8
2024-02-02 18:00:00,108.0
2024-02-02 19:00:00,169.70000000000002
2024-02-02 20:00:00,164.8
2024-02-02 21:00:00,97.9
2024-02-02 22:00:00,153.4
2024-02-02 23:00:00,101.4
2024-02-03 00:00:00,26.0
2024-02-03 12:00:00,2.9
2024-02-03 13:00:00,10.3
2024-02-03 14:00:00,86.7
2024-02-03 15:00:00,243.1
2024-02-03 16:00:00,305.6
2024-02-03 17:00:00,288.6
2024-02-03 18:00:00,290.8
2024-02-03 19:00:00,259.1
2024-02-03 20:00:00,108.1
2024-02-03 21:00:00,224.0
2024-02-03 22:00:00,166.3
2024-02-03 23:00:00,121.9
2024-02-04 00:00:00,80.3
2024-02-04 13:00:00,11.5
2024-02-04 14:00:00,111.4
2024-02-04 15:00:00,294.8
2024-02-04 16:00:00,274.0
2024-02-04 17:00:00,309.1
2024-02-04 18:00:00,293.3
2024-02-04 19:00:00,240.5
2024-02-04 20:00:00,211.9
2024-02-04 21:00:00,81.3
2024-02-04 22:00:00,21.1
2024-02-05 12:00:00,2.5
2024-02-05 13:00:00,9.1
2024-02-05 14:00:00,58.2
2024-02-05 15:00:00,50.9
2024-02-05 16:00:00,83.3
2024-02-05 17:00:00,45.4
2024-02-05 18:00:00,137.1
2024-02-05 19:00:00,158.2
2024-02-05 20:00:00,116.9
2024-02-05 21:00:00,49.0
2024-02-05 22:00:00,86.1
2024-02-05 23:00:00,10.6
2024-02-07 12:00:00,20.9
2024-02-07 14:00:00,11.4
2024-02-07 15:00:00,37.4
2024-02-07 16:00:00,41.4
2024-02-07 17:00:00,51.2
2024-02-07 18:00:00,147.4
2024-02-07 19:00:00,59.7
2024-02-07 20:00:00,47.0
2024-02-07 21:00:00,56.7
2024-02-07 22:00:00,22.7
2024-02-08 13:00:00,5.8
2024-02-08 14:00:00,3.3
2024-02-08 15:00:00,9.899999999999999
2024-02-08 16:00:00,7.5
2024-02-08 17:00:00,39.6
2024-02-08 18:00:00,36.0
2024-02-08 19:00:00,19.2
2024-02-08 20:00:00,37.5
2024-02-08 21:00:00,37.0
2024-02-08 22:00:00,10.0
2024-02-09 13:00:00,17.0
2024-02-09 14:00:00,10.0
2024-02-09 15:00:00,41.0
2024-02-09 16:00:00,101.5
2024-02-09 17:00:00,50.9
2024-02-09 18:00:00,76.2
2024-02-09 19:00:00,68.2
2024-02-09 20:00:00,76.7
2024-02-09 21:00:00,83.8
2024-02-09 22:00:00,33.0
2024-02-09 23:00:00,26.8
2024-02-10 00:00:00,10.2
2024-02-10 13:00:00,16.6
2024-02-10 14:00:00,60.7
2024-02-10 15:00:00,107.3
2024-02-10 16:00:00,148.7
2024-02-10 17:00:00,83.0
2024-02-10 18:00:00,173.0
2024-02-10 19:00:00,205.4
2024-02-10 20:00:00,86.2
2024-02-10 21:00:00,79.3
2024-02-10 22:00:00,140.5
2024-02-10 23:00:00,49.6
2024-02-11 12:00:00,17.3
2024-02-11 13:00:00,41.7
2024-02-11 14:00:00,92.5
2024-02-11 15:00:00,232.5
2024-02-11 16:00:00,342.0
2024-02-11 17:00:00,319.6
2024-02-11 18:00:00,384.09999999999997
2024-02-11 19:00:00,265.3
2024-02-11 20:00:00,237.1
2024-02-11 21:00:00,78.7
2024-02-11 22:00:00,20.200000000000003
2024-02-12 14:00:00,5.8
2024-02-12 15:00:00,21.1
2024-02-12 16:00:00,33.0
2024-02-12 17:00:00,63.5
2024-02-12 18:00:00,113.2
2024-02-12 19:00:00,89.9
2024-02-12 20:00:00,61.7
2024-02-12 21:00:00,44.4
2024-02-12 22:00:00,35.0
2024-02-14 12:00:00,7.6
2024-02-14 13:00:00,31.3
2024-02-14 14:00:00,22.2
2024-02-14 15:00:00,68.89999999999999
2024-02-14 16:00:00,162.0
2024-02-14 17:00:00,141.4
2024-02-14 18:00:00,195.9
2024-02-14 19:00:00,180.8
2024-02-14 20:00:00,233.4
2024-02-14 21:00:00,94.4
2024-02-14 22:00:00,150.6
2024-02-14 23:00:00,65.8
2024-02-15 13:00:00,56.0
2024-02-15 14:00:00,9.1
2024-02-15 15:00:00,75.6
2024-02-15 16:00:00,79.8
2024-02-15 17:00:00,25.2
2024-02-15 18:00:00,73.4
2024-02-15 19:00:00,37.1
2024-02-15 20:00:00,50.2
2024-02-15 21:00:00,56.1
2024-02-15 22:00:00,11.1
2024-02-16 12:00:00,29.9
2024-02-16 13:00:00,22.6
2024-02-16 14:00:00,18.9
2024-02-16 15:00:00,29.0
2024-02-16 16:00:00,96.5
2024-02-16 17:00:00,125.8
2024-02-16 18:00:00,185.1
2024-02-16 19:00:00,143.9
2024-02-16 20:00:00,130.0
2024-02-16 21:00:00,69.1
2024-02-16 22:00:00,189.8
2024-02-16 23:00:00,139.4
2024-02-17 00:00:00,52.6
2024-02-17 12:00:00,7.699999999999999
2024-02-17 13:00:00,46.2
2024-02-17 14:00:00,52.4
2024-02-17 15:00:00,179.1
2024-02-17 16:00:00,241.2
2024-02-17 17:00:00,237.9
2024-02-17 18:00:00,230.4
2024-02-17 19:00:00,340.3
2024-02-17 20:00:00,121.0
2024-02-17 21:00:00,72.3
2024-02-17 22:00:00,74.1
2024-02-17 23:00:00,133.0
2024-02-18 00:00:00,38.5
2024-02-18 12:00:00,47.0
2024-02-18 13:00:00,72.6
2024-02-18 14:00:00,73.7
2024-02-18 15:00:00,183.79999999999998
2024-02-18 16:00:00,232.8
2024-02-18 17:00:00,185.6
2024-02-18 18:00:00,180.1
2024-02-18 19:00:00,82.19999999999999
2024-02-18 20:00:00,72.9
2024-02-18 21:00:00,73.3
2024-02-19 13:00:00,11.4
2024-02-19 14:00:00,10.8
2024-02-19 15:00:00,30.0
2024-02-19 16:00:00,12.1
2024-02-19 17:00:00,28.1
2024-02-19 18:00:00,82.19999999999999
2024-02-19 19:00:00,69.0
2024-02-19 20:00:00,36.699999999999996
2024-02-19 21:00:00,20.3
2024-02-19 22:00:00,6.2
2024-02-21 12:00:00,3.4
2024-02-21 13:00:00,6.2
2024-02-21 14:00:00,3.3
2024-02-21 15:00:00,14.600000000000001
2024-02-21 16:00:00,88.2
2024-02-21 17:00:00,55.4
2024-02-21 18:00:00,63.6
2024-02-21 19:00:00,57.6
2024-02-21 20:00:00,49.9
2024-02-21 22:00:00,21.3
2024-02-21 23:00:00,5.8
2024-02-22 12:00:00,4.0
2024-02-22 15:00:00,20.1
2024-02-22 16:00:00,5.8
2024-02-22 17:00:00,11.6
2024-02-22 18:00:00,43.1
2024-02-22 19:00:00,117.5
2024-02-22 20:00:00,11.8
2024-02-22 22:00:00,56.4
2024-02-23 14:00:00,21.0
2024-02-23 15:00:00,5.3
2024-02-23 16:00:00,28.700000000000003
2024-02-23 18:00:00,96.7
2024-02-23 19:00:00,59.1
2024-02-23 20:00:00,71.7
2024-02-23 21:00:00,42.8
2024-02-23 22:00:00,51.6
2024-02-23 23:00:00,48.199999999999996
2024-02-24 00:00:00,9.2
2024-02-24 12:00:00,36.300000000000004
2024-02-24 13:00:00,5.0
2024-02-24 14:00:00,9.7
2024-02-24 15:00:00,40.0
2024-02-24 16:00:00,64.9
2024-02-24 17:00:00,90.0
2024-02-24 18:00:00,75.9
2024-02-24 19:00:00,52.4
2024-02-24 20:00:00,57.599999999999994
2024-02-24 21:00:00,73.6
2024-02-24 22:00:00,112.8
2024-02-24 23:00:00,29.4
2024-02-25 00:00:00,23.4
2024-02-25 12:00:00,14.8
2024-02-25 13:00:00,67.6
2024-02-25 14:00:00,58.5
2024-02-25 15:00:00,43.5
2024-02-25 16:00:00,51.6
2024-02-25 17:00:00,24.3
2024-02-25 18:00:00,113.2
2024-02-25 19:00:00,54.4
2024-02-25 20:00:00,97.7
2024-02-25 21:00:00,5.8
2024-02-26 13:00:00,7.4
2024-02-26 15:00:00,11.6
2024-02-26 17:00:00,6.6
2024-02-26 18:00:00,48.5
2024-02-26 19:00:00,25.5
2024-02-26 21:00:00,5.8
2024-02-26 22:00:00,9.0
2024-02-28 14:00:00,1.4
2024-02-28 15:00:00,34.7
2024-02-28 16:00:00,51.8
2024-02-28 17:00:00,93.3
2024-02-28 18:00:00,27.4
2024-02-28 19:00:00,59.8
2024-02-28 20:00:00,32.5
2024-02-28 21:00:00,16.9
2024-02-28 22:00:00,47.3
2024-02-29 12:00:00,2.9
2024-02-29 14:00:00,2.9
2024-02-29 16:00:00,1.5
2024-02-29 19:00:00,7.8
2024-02-29 20:00:00,7.2
2024-03-01 13:00:00,17.0
2024-03-01 15:00:00,29.7
2024-03-01 16:00:00,56.099999999999994
2024-03-01 17:00:00,70.6
2024-03-01 18:00:00,101.7
2024-03-01 19:00:00,18.700000000000003
2024-03-01 20:00:00,32.4
2024-03-01 21:00:00,33.5
2024-03-01 22:00:00,37.199999999999996
2024-03-01 23:00:00,70.19999999999999
2024-03-02 00:00:00,32.5
2024-03-02 15:00:00,13.9
2024-03-02 16:00:00,42.8
2024-03-02 17:00:00,37.4
2024-03-02 18:00:00,77.3
2024-03-02 19:00:00,68.0
2024-03-02 20:00:00,58.3
2024-03-02 21:00:00,36.3
2024-03-02 22:00:00,41.0
2024-03-02 23:00:00,103.2
2024-03-03 00:00:00,34.2
2024-03-03 13:00:00,10.1
2024-03-03 14:00:00,12.0
2024-03-03 15:00:00,99.5
2024-03-03 16:00:00,171.8
2024-03-03 17:00:00,120.3
2024-03-03 18:00:00,128.2
2024-03-03 19:00:00,78.60000000000001
2024-03-03 20:00:00,98.2
2024-03-03 21:00:00,31.0
2024-03-03 22:00:00,56.8
2024-03-04 13:00:00,4.9
2024-03-04 14:00:00,19.7
2024-03-04 15:00:00,42.5
2024-03-04 16:00:00,42.3
2024-03-04 17:00:00,6.6
2024-03-04 18:00:00,61.400000000000006
2024-03-04 19:00:00,96.5
2024-03-04 20:00:00,35.7
2024-03-04 21:00:00,10.6
2024-03-04 22:00:00,5.8
2024-03-06 12:00:00,21.9
2024-03-06 13:00:00,11.8
2024-03-06 14:00:00,101.2
2024-03-06 15:00:00,71.3
2024-03-06 16:00:00,157.1
2024-03-06 17:00:00,228.4
2024-03-06 18:00:00,231.7
2024-03-06 19:00:00,202.0
2024-03-06 20:00:00,114.0
2024-03-06 21:00:00,77.5
2024-03-06 22:00:00,7.6
2024-03-06 23:00:00,24.6
2024-03-07 13:00:00,13.6
2024-03-07 14:00:00,43.699999999999996
2024-03-07 15:00:00,29.9
2024-03-07 16:00:00,95.1
2024-03-07 17:00:00,75.4
2024-03-07 18:00:00,133.4
2024-03-07 19:00:00,163.8
2024-03-07 20:00:00,6.3
2024-03-07 21:00:00,26.1
2024-03-07 22:00:00,6.9
2024-03-08 13:00:00,10.0
2024-03-08 14:00:00,46.5
2024-03-08 15:00:00,62.2
2024-03-08 16:00:00,21.1
2024-03-08 17:00:00,75.6
2024-03-08 18:00:00,202.3
2024-03-08 19:00:00,182.5
2024-03-08 20:00:00,111.6
2024-03-08 21:00:00,96.8
2024-03-08 22:00:00,102.0
2024-03-08 23:00:00,94.0
2024-03-09 00:00:00,12.799999999999999
2024-03-09 14:00:00,30.799999999999997
2024-03-09 15:00:00,92.5
2024-03-09 16:00:00,218.5
2024-03-09 17:00:00,202.79999999999998
2024-03-09 18:00:00,268.0
2024-03-09 19:00:00,206.5
2024-03-09 20:00:00,148.2
2024-03-09 21:00:00,46.5
2024-03-09 22:00:00,73.6
2024-03-09 23:00:00,111.89999999999999
2024-03-10 00:00:00,23.4
2024-03-10 13:00:00,6.6
2024-03-10 14:00:00,9.6
2024-03-10 15:00:00,104.4
2024-03-10 16:00:00,103.5
2024-03-10 17:00:00,69.9
2024-03-10 18:00:00,109.7
2024-03-10 19:00:00,90.3
2024-03-10 20:00:00,98.6
2024-03-10 21:00:00,7.4
2024-03-10 22:00:00,26.3
2024-03-11 12:00:00,3.8
2024-03-11 13:00:00,28.0
2024-03-11 14:00:00,9.0
2024-03-11 16:00:00,5.9
2024-03-11 17:00:00,28.5
2024-03-11 18:00:00,77.6
2024-03-11 19:00:00,39.3
2024-03-11 20:00:00,41.1
2024-03-11 21:00:00,48.8
2024-03-11 22:00:00,11.5
2024-03-13 12:00:00,10.7
2024-03-13 13:00:00,16.7
2024-03-13 14:00:00,18.2
2024-03-13 15:00:00,47.9
2024-03-13 16:00:00,144.1
2024-03-13 17:00:00,221.1
2024-03-13 18:00:00,267.59999999999997
2024-03-13 19:00:00,198.7
2024-03-13 20:00:00,49.0
2024-03-13 21:00:00,48.9
2024-03-13 22:00:00,73.8
2024-03-13 23:00:00,77.9
2024-03-14 13:00:00,24.799999999999997
2024-03-14 14:00:00,90.0
2024-03-14 15:00:00,59.0
2024-03-14 16:00:00,54.3
2024-03-14 17:00:00,100.1
2024-03-14 18:00:00,195.8
2024-03-14 19:00:00,208.3
2024-03-14 20:00:00,85.7
2024-03-14 21:00:00,6.5
2024-03-14 22:00:00,19.0
2024-03-14 23:00:00,16.7
2024-03-15 12:00:00,6.6
2024-03-15 13:00:00,61.0
2024-03-15 14:00:00,66.3
2024-03-15 15:00:00,98.0
2024-03-15 16:00:00,133.4
2024-03-15 17:00:00,190.79999999999998
2024-03-15 18:00:00,163.5
2024-03-15 19:00:00,278.6
2024-03-15 20:00:00,97.3
2024-03-15 21:00:00,46.3
2024-03-15 22:00:00,69.0
2024-03-15 23:00:00,102.2
2024-03-16 00:00:00,44.5
2024-03-16 12:00:00,8.0
2024-03-16 13:00:00,39.1
2024-03-16 14:00:00,80.3
2024-03-16 15:00:00,177.7
2024-03-16 16:00:00,243.4
2024-03-16 17:00:00,244.0
2024-03-16 18:00:00,228.2
2024-03-16 19:00:00,321.2
2024-03-16 20:00:00,153.5
2024-03-16 21:00:00,161.0
2024-03-16 22:00:00,197.9
2024-03-16 23:00:00,205.8
2024-03-17 00:00:00,12.399999999999999
2024-03-17 12:00:00,17.0
2024-03-17 13:00:00,154.3
2024-03-17 14:00:00,206.5
2024-03-17 15:00:00,471.3
2024-03-17 16:00:00,520.3
2024-03-17 17:00:00,467.3
2024-03-17 18:00:00,341.7
2024-03-17 19:00:00,288.8
2024-03-17 20:00:00,93.19999999999999
2024-03-17 21:00:00,118.9
2024-03-17 22:00:00,117.4
2024-03-17 23:00:00,10.0
2024-03-18 12:00:00,9.2
2024-03-18 13:00:00,72.5
2024-03-18 14:00:00,68.8
2024-03-18 15:00:00,101.0
2024-03-18 16:00:00,112.0
2024-03-18 17:00:00,163.6
2024-03-18 18:00:00,247.1
2024-03-18 19:00:00,151.7
2024-03-18 20:00:00,96.3
2024-03-18 21:00:00,13.4
2024-03-18 22:00:00,22.299999999999997
2024-03-20 12:00:00,8.7
2024-03-20 13:00:00,3.3
2024-03-20 14:00:00,9.5
2024-03-20 15:00:00,30.1
2024-03-20 16:00:00,36.0
2024-03-20 17:00:00,57.2
2024-03-20 18:00:00,93.8
2024-03-20 19:00:00,131.0
2024-03-20 20:00:00,30.2
2024-03-20 21:00:00,22.2
2024-03-20 22:00:00,44.8
2024-03-20 23:00:00,7.4
2024-03-21 12:00:00,6.7
2024-03-21 13:00:00,21.9
2024-03-21 14:00:00,24.3
2024-03-21 15:00:00,38.4
2024-03-21 16:00:00,85.6
2024-03-21 17:00:00,76.6
2024-03-21 18:00:00,191.6
2024-03-21 19:00:00,172.8
2024-03-21 20:00:00,42.699999999999996
2024-03-21 21:00:00,31.5
2024-03-21 22:00:00,48.6
2024-03-21 23:00:00,3.3
2024-03-22 12:00:00,30.0
2024-03-22 13:00:00,19.8
2024-03-22 14:00:00,14.9
2024-03-22 15:00:00,75.0
2024-03-22 16:00:00,25.4
2024-03-22 17:00:00,81.8
2024-03-22 18:00:00,141.9
2024-03-22 19:00:00,112.7
2024-03-22 20:00:00,85.5
2024-03-22 21:00:00,59.2
2024-03-22 22:00:00,188.5
2024-03-22 23:00:00,69.5
2024-03-23 00:00:00,16.5
2024-03-23 12:00:00,33.1
2024-03-23 13:00:00,16.299999999999997
2024-03-23 14:00:00,71.8
2024-03-23 15:00:00,217.29999999999998
2024-03-23 16:00:00,329.5
2024-03-23 17:00:00,333.1
2024-03-23 18:00:00,427.7
2024-03-23 19:00:00,294.7
2024-03-23 20:00:00,119.1
2024-03-23 21:00:00,101.2
2024-03-23 22:00:00,135.5
2024-03-23 23:00:00,147.4
2024-03-24 00:00:00,25.2
2024-03-24 12:00:00,9.399999999999999
2024-03-24 13:00:00,102.4
2024-03-24 14:00:00,133.6
2024-03-24 15:00:00,273.0
2024-03-24 16:00:00,421.5
2024-03-24 17:00:00,401.6
2024-03-24 18:00:00,430.0
2024-03-24 19:00:00,332.1
2024-03-24 20:00:00,324.2
2024-03-24 21:00:00,99.1
2024-03-24 22:00:00,70.7
2024-03-24 23:00:00,50.699999999999996
2024-03-25 12:00:00,3.8
2024-03-25 13:00:00,59.4
2024-03-25 14:00:00,4.3
2024-03-25 15:00:00,66.0
2024-03-25 16:00:00,114.2
2024-03-25 17:00:00,107.8
2024-03-25 18:00:00,78.2
2024-03-25 19:00:00,107.0
2024-03-25 20:00:00,57.5
2024-03-25 21:00:00,35.5
2024-03-25 22:00:00,45.8
2024-03-25 23:00:00,20.6
2024-03-26 12:00:00,4.0
2024-03-26 13:00:00,56.7
2024-03-26 14:00:00,64.0
2024-03-26 15:00:00,166.9
2024-03-26 16:00:00,160.3
2024-03-26 17:00:00,136.5
2024-03-26 18:00:00,281.2
2024-03-26 19:00:00,176.9
2024-03-26 20:00:00,68.2
2024-03-26 21:00:00,41.5
2024-03-26 22:00:00,50.7
2024-03-26 23:00:00,40.9
2024-03-27 12:00:00,6.5
2024-03-27 13:00:00,17.700000000000003
2024-03-27 14:00:00,48.199999999999996
2024-03-27 15:00:00,88.1
2024-03-27 16:00:00,112.7
2024-03-27 17:00:00,140.6
2024-03-27 18:00:00,168.8
2024-03-27 19:00:00,174.7
2024-03-27 20:00:00,49.8
2024-03-27 21:00:00,19.1
2024-03-27 22:00:00,43.6
2024-03-27 23:00:00,38.400000000000006
2024-03-28 00:00:00,6.6
2024-03-28 12:00:00,3.7
2024-03-28 13:00:00,19.8
2024-03-28 14:00:00,41.0
2024-03-28 15:00:00,119.6
2024-03-28 16:00:00,201.6
2024-03-28 17:00:00,200.2
2024-03-28 18:00:00,294.8
2024-03-28 19:00:00,266.8
2024-03-28 20:00:00,236.70000000000002
2024-03-28 21:00:00,162.2
2024-03-28 22:00:00,226.0
2024-03-28 23:00:00,203.29999999999998
2024-03-29 00:00:00,80.1
2024-03-29 13:00:00,18.8
2024-03-29 14:00:00,108.6
2024-03-29 15:00:00,193.8
2024-03-29 16:00:00,426.7
2024-03-29 17:00:00,195.3
2024-03-29 18:00:00,243.9
2024-03-29 19:00:00,131.2
2024-03-29 20:00:00,92.0
2024-03-29 21:00:00,109.0
2024-03-29 22:00:00,146.1
2024-03-29 23:00:00,72.19999999999999
2024-03-30 00:00:00,27.7
2024-03-30 13:00:00,33.0
2024-03-30 14:00:00,64.5
2024-03-30 15:00:00,178.3
2024-03-30 16:00:00,270.7
2024-03-30 17:00:00,276.5
2024-03-30 18:00:00,232.1
2024-03-30 19:00:00,192.2
2024-03-30 20:00:00,201.79999999999998
2024-03-30 21:00:00,108.9
2024-03-30 22:00:00,115.0
2024-03-30 23:00:00,125.5
2024-03-31 00:00:00,36.1
2024-03-31 13:00:00,25.5
2024-03-31 14:00:00,43.7
2024-03-31 15:00:00,191.79999999999998
2024-03-31 16:00:00,207.2
2024-03-31 17:00:00,305.8
2024-03-31 18:00:00,378.9
2024-03-31 19:00:00,334.3
2024-03-31 20:00:00,401.7
2024-03-31 21:00:00,160.9
2024-03-31 22:00:00,196.9
2024-03-31 23:00:00,205.1
2024-04-01 00:00:00,15.0
2024-04-01 12:00:00,12.3
2024-04-01 13:00:00,26.6
2024-04-01 14:00:00,49.699999999999996
2024-04-01 15:00:00,243.6
2024-04-01 16:00:00,392.9
2024-04-01 17:00:00,416.3
2024-04-01 18:00:00,452.4
2024-04-01 19:00:00,351.4
2024-04-01 20:00:00,156.8
2024-04-01 21:00:00,131.5
2024-04-01 22:00:00,111.1
2024-04-01 23:00:00,45.8
2024-04-04 13:00:00,49.5
2024-04-04 14:00:00,27.299999999999997
2024-04-04 15:00:00,48.3
2024-04-04 16:00:00,16.9
2024-04-04 17:00:00,115.4
2024-04-04 18:00:00,188.79999999999998
2024-04-04 19:00:00,199.7
2024-04-04 20:00:00,123.3
2024-04-04 21:00:00,92.7
2024-04-04 22:00:00,143.2
2024-04-04 23:00:00,70.2
2024-04-05 13:00:00,17.0
2024-04-05 14:00:00,9.899999999999999
2024-04-05 15:00:00,38.0
2024-04-05 16:00:00,101.7
2024-04-05 17:00:00,126.4
2024-04-05 18:00:00,190.2
2024-04-05 19:00:00,251.5
2024-04-05 20:00:00,283.4
2024-04-05 21:00:00,227.9
2024-04-05 22:00:00,321.7
2024-04-05 23:00:00,328.7
2024-04-06 00:00:00,146.5
2024-04-06 13:00:00,13.799999999999999
2024-04-06 14:00:00,72.0
2024-04-06 15:00:00,200.7
2024-04-06 16:00:00,369.0
2024-04-06 17:00:00,222.9
2024-04-06 18:00:00,252.7
2024-04-06 19:00:00,306.7
2024-04-06 20:00:00,276.8
2024-04-06 21:00:00,282.0
2024-04-06 22:00:00,238.7
2024-04-06 23:00:00,300.59999999999997
2024-04-07 00:00:00,151.5
2024-04-07 13:00:00,14.6
2024-04-07 14:00:00,20.2
2024-04-07 15:00:00,131.6
2024-04-07 16:00:00,190.1
2024-04-07 17:00:00,205.3
2024-04-07 18:00:00,434.2
2024-04-07 19:00:00,424.1
2024-04-07 20:00:00,213.6
2024-04-07 21:00:00,110.8
2024-04-07 22:00:00,114.4
2024-04-07 23:00:00,49.8
2024-04-08 13:00:00,16.8
2024-04-08 14:00:00,13.5
2024-04-08 17:00:00,17.2
2024-04-08 18:00:00,40.0
2024-04-08 19:00:00,91.6
2024-04-08 20:00:00,26.9
2024-04-08 21:00:00,15.2
2024-04-10 12:00:00,32.3
2024-04-10 13:00:00,26.0
2024-04-10 14:00:00,38.2
2024-04-10 15:00:00,117.2
2024-04-10 16:00:00,120.5
2024-04-10 17:00:00,199.3
2024-04-10 18:00:00,285.3
2024-04-10 19:00:00,222.2
2024-04-10 20:00:00,217.0
2024-04-10 21:00:00,31.4
2024-04-10 22:00:00,74.9
2024-04-10 23:00:00,39.0
2024-04-11 13:00:00,26.6
2024-04-11 14:00:00,59.2
2024-04-11 15:00:00,155.6
2024-04-11 16:00:00,90.7
2024-04-11 17:00:00,146.7
2024-04-11 18:00:00,255.0
2024-04-11 19:00:00,223.8
2024-04-11 20:00:00,146.4
2024-04-11 21:00:00,104.5
2024-04-11 22:00:00,88.6
2024-04-11 23:00:00,17.2
2024-04-12 13:00:00,12.899999999999999
2024-04-12 14:00:00,48.3
2024-04-12 15:00:00,91.6
2024-04-12 16:00:00,179.5
2024-04-12 17:00:00,196.8
2024-04-12 18:00:00,318.3
2024-04-12 19:00:00,413.2
2024-04-12 20:00:00,291.0
2024-04-12 21:00:00,237.1
2024-04-12 22:00:00,376.2
2024-04-12 23:00:00,300.1
2024-04-13 00:00:00,89.6
2024-04-13 12:00:00,8.4
2024-04-13 13:00:00,40.6
2024-04-13 14:00:00,122.1
2024-04-13 15:00:00,238.0
2024-04-13 16:00:00,260.8
2024-04-13 17:00:00,378.2
2024-04-13 18:00:00,486.8
2024-04-13 19:00:00,382.5
2024-04-13 20:00:00,371.7
2024-04-13 21:00:00,267.3
2024-04-13 22:00:00,190.2
2024-04-13 23:00:00,373.2
2024-04-14 00:00:00,109.6
2024-04-14 01:00:00,8.899999999999999
2024-04-14 12:00:00,34.1
2024-04-14 13:00:00,83.1
2024-04-14 14:00:00,206.6
2024-04-14 15:00:00,286.1
2024-04-14 16:00:00,325.7
2024-04-14 17:00:00,324.4
2024-04-14 18:00:00,356.5
2024-04-14 19:00:00,249.79999999999998
2024-04-14 20:00:00,146.9
2024-04-14 21:00:00,114.4
2024-04-14 22:00:00,51.7
2024-04-14 23:00:00,6.199999999999999
2024-04-15 13:00:00,14.399999999999999
2024-04-15 14:00:00,7.199999999999999
2024-04-15 15:00:00,60.0
2024-04-15 16:00:00,12.7
2024-04-15 17:00:00,22.4
2024-04-15 18:00:00,31.8
2024-04-15 19:00:00,37.5
2024-04-15 20:00:00,61.8
2024-04-15 21:00:00,31.1
2024-04-15 22:00:00,44.8
2024-04-15 23:00:00,7.6
2024-04-17 13:00:00,46.4
2024-04-17 14:00:00,47.3
2024-04-17 15:00:00,19.0
2024-04-17 16:00:00,73.1
2024-04-17 17:00:00,76.6
2024-04-17 18:00:00,122.6
2024-04-17 19:00:00,69.5
2024-04-17 20:00:00,68.4
2024-04-17 21:00:00,36.7
2024-04-17 22:00:00,52.3
2024-04-17 23:00:00,7.0
2024-04-18 12:00:00,15.299999999999999
2024-04-18 13:00:00,22.0
2024-04-18 14:00:00,51.1
2024-04-18 15:00:00,53.3
2024-04-18 16:00:00,39.8
2024-04-18 17:00:00,83.8
2024-04-18 18:00:00,227.9
2024-04-18 19:00:00,134.1
2024-04-18 20:00:00,23.1
2024-04-18 21:00:00,31.9
2024-04-18 22:00:00,106.5
2024-04-18 23:00:00,50.8
2024-04-19 12:00:00,9.4
2024-04-19 13:00:00,25.1
2024-04-19 14:00:00,34.5
2024-04-19 15:00:00,104.6
2024-04-19 16:00:00,143.6
2024-04-19 17:00:00,187.7
2024-04-19 18:00:00,207.29999999999998
2024-04-19 19:00:00,122.39999999999999
2024-04-19 20:00:00,159.8
2024-04-19 21:00:00,81.2
2024-04-19 22:00:00,197.5
2024-04-19 23:00:00,143.9
2024-04-20 00:00:00,67.6
2024-04-20 13:00:00,3.3
2024-04-20 14:00:00,77.2
2024-04-20 15:00:00,264.4
2024-04-20 16:00:00,252.9
2024-04-20 17:00:00,307.4
2024-04-20 18:00:00,252.5
2024-04-20 19:00:00,387.7
2024-04-20 20:00:00,155.7
2024-04-20 21:00:00,108.6
2024-04-20 22:00:00,204.3
2024-04-20 23:00:00,201.2
2024-04-21 00:00:00,48.2
2024-04-21 13:00:00,4.8
2024-04-21 14:00:00,89.5
2024-04-21 15:00:00,262.59999999999997
2024-04-21 16:00:00,320.1
2024-04-21 17:00:00,341.8
2024-04-21 18:00:00,329.6
2024-04-21 19:00:00,240.2
2024-04-21 20:00:00,209.0
2024-04-21 21:00:00,93.3
2024-04-21 22:00:00,114.60000000000001
2024-04-21 23:00:00,25.2
2024-04-22 13:00:00,11.6
2024-04-22 14:00:00,70.8
2024-04-22 15:00:00,39.9
2024-04-22 16:00:00,46.5
2024-04-22 17:00:00,55.0
2024-04-22 18:00:00,154.1
2024-04-22 19:00:00,220.9
2024-04-22 20:00:00,114.2
2024-04-22 21:00:00,49.0
2024-04-22 22:00:00,56.9
2024-04-22 23:00:00,22.0
2024-04-24 13:00:00,33.7
2024-04-24 14:00:00,49.3
2024-04-24 15:00:00,86.3
2024-04-24 16:00:00,136.8
2024-04-24 17:00:00,171.9
2024-04-24 18:00:00,104.6
2024-04-24 19:00:00,85.8
2024-04-24 20:00:00,38.0
2024-04-24 21:00:00,52.6
2024-04-24 22:00:00,71.3
2024-04-24 23:00:00,6.6
2024-04-25 14:00:00,6.1
2024-04-25 15:00:00,7.9
2024-04-25 16:00:00,22.3
2024-04-25 17:00:00,71.5
2024-04-25 18:00:00,129.4
2024-04-25 19:00:00,67.6
2024-04-25 20:00:00,62.7
2024-04-25 21:00:00,42.8
2024-04-25 22:00:00,86.5
2024-04-25 23:00:00,33.4
2024-04-26 12:00:00,5.8
2024-04-26 13:00:00,18.5
2024-04-26 14:00:00,25.599999999999998
2024-04-26 15:00:00,72.0
2024-04-26 16:00:00,77.39999999999999
2024-04-26 17:00:00,81.0
2024-04-26 18:00:00,121.0
2024-04-26 19:00:00,134.9
2024-04-26 20:00:00,84.0
2024-04-26 21:00:00,111.9
2024-04-26 22:00:00,136.5
2024-04-26 23:00:00,104.1
2024-04-27 00:00:00,66.0
2024-04-27 12:00:00,6.6
2024-04-27 13:00:00,24.1
2024-04-27 14:00:00,30.0
2024-04-27 15:00:00,96.8
2024-04-27 16:00:00,110.4
2024-04-27 17:00:00,103.6
2024-04-27 18:00:00,77.7
2024-04-27 19:00:00,108.4
2024-04-27 20:00:00,164.4
2024-04-27 21:00:00,103.9
2024-04-27 22:00:00,161.6
2024-04-27 23:00:00,258.4
2024-04-28 00:00:00,59.8
2024-04-28 12:00:00,7.4
2024-04-28 13:00:00,27.8
2024-04-28 14:00:00,102.8
2024-04-28 15:00:00,225.2
2024-04-28 16:00:00,326.3
2024-04-28 17:00:00,389.5
2024-04-28 18:00:00,355.8
2024-04-28 19:00:00,301.5
2024-04-28 20:00:00,200.5
2024-04-28 21:00:00,66.6
2024-04-28 22:00:00,173.0
2024-04-28 23:00:00,59.1
2024-04-29 12:00:00,4.8
2024-04-29 13:00:00,2.9
2024-04-29 14:00:00,34.5
2024-04-29 15:00:00,129.5
2024-04-29 16:00:00,132.2
2024-04-29 17:00:00,150.7
2024-04-29 18:00:00,138.4
2024-04-29 19:00:00,270.0
2024-04-29 20:00:00,121.89999999999999
2024-04-29 21:00:00,54.2
2024-04-29 22:00:00,48.7
2024-04-29 23:00:00,19.0
2024-04-30 12:00:00,2.9
2024-04-30 13:00:00,42.9
2024-04-30 14:00:00,62.3
2024-04-30 15:00:00,78.5
2024-04-30 16:00:00,73.2
2024-04-30 17:00:00,43.5
2024-04-30 18:00:00,117.5
2024-04-30 19:00:00,88.8
2024-04-30 20:00:00,50.2
2024-04-30 21:00:00,54.9
2024-04-30 22:00:00,44.300000000000004
2024-04-30 23:00:00,67.1
2024-05-01 00:00:00,3.3
2024-05-01 12:00:00,40.3
2024-05-01 13:00:00,93.6
2024-05-01 14:00:00,111.0
2024-05-01 15:00:00,269.7
2024-05-01 16:00:00,335.7
2024-05-01 17:00:00,403.0
2024-05-01 18:00:00,450.5
2024-05-01 19:00:00,438.2
2024-05-01 20:00:00,182.3
2024-05-01 21:00:00,250.9
2024-05-01 22:00:00,161.5
2024-05-01 23:00:00,37.3
2024-05-02 00:00:00,11.9
2024-05-02 12:00:00,26.1
2024-05-02 13:00:00,40.0
2024-05-02 14:00:00,36.7
2024-05-02 15:00:00,143.9
2024-05-02 16:00:00,195.6
2024-05-02 17:00:00,230.1
2024-05-02 18:00:00,400.7
2024-05-02 19:00:00,286.9
2024-05-02 20:00:00,234.7
2024-05-02 21:00:00,164.0
2024-05-02 22:00:00,143.0
2024-05-02 23:00:00,50.4
2024-05-03 00:00:00,22.8
2024-05-03 12:00:00,11.7
2024-05-03 13:00:00,47.199999999999996
2024-05-03 14:00:00,109.0
2024-05-03 15:00:00,180.79999999999998
2024-05-03 16:00:00,245.5
2024-05-03 17:00:00,187.8
2024-05-03 18:00:00,306.1
2024-05-03 19:00:00,241.7
2024-05-03 20:00:00,154.2
2024-05-03 21:00:00,212.2
2024-05-03 22:00:00,284.2
2024-05-03 23:00:00,333.1
2024-05-04 00:00:00,82.6
2024-05-04 13:00:00,77.10000000000001
2024-05-04 14:00:00,58.099999999999994
2024-05-04 15:00:00,150.6
2024-05-04 16:00:00,322.2
2024-05-04 17:00:00,249.7
2024-05-04 18:00:00,334.2
2024-05-04 19:00:00,392.3
2024-05-04 20:00:00,290.0
2024-05-04 21:00:00,173.8
2024-05-04 22:00:00,338.09999999999997
2024-05-04 23:00:00,385.2
2024-05-05 00:00:00,166.6
2024-05-05 12:00:00,41.1
2024-05-05 13:00:00,77.3
2024-05-05 14:00:00,22.4
2024-05-05 15:00:00,113.0
2024-05-05 16:00:00,173.2
2024-05-05 17:00:00,201.29999999999998
2024-05-05 18:00:00,76.5
2024-05-05 19:00:00,75.1
2024-05-05 20:00:00,117.1
2024-05-05 21:00:00,31.9
2024-05-05 22:00:00,34.6
2024-05-05 23:00:00,22.6
2024-05-06 12:00:00,6.6
2024-05-06 13:00:00,22.8
2024-05-06 14:00:00,12.4
2024-05-06 15:00:00,55.3
2024-05-06 16:00:00,45.0
2024-05-06 17:00:00,35.3
2024-05-06 18:00:00,114.5
2024-05-06 19:00:00,91.0
2024-05-06 20:00:00,60.4
2024-05-06 21:00:00,54.8
2024-05-06 22:00:00,86.6
2024-05-06 23:00:00,35.6
2024-05-07 12:00:00,6.199999999999999
2024-05-07 13:00:00,6.6
2024-05-07 14:00:00,47.1
2024-05-07 15:00:00,73.1
2024-05-07 16:00:00,65.6
2024-05-07 17:00:00,69.0
2024-05-07 18:00:00,244.70000000000002
2024-05-07 19:00:00,112.39999999999999
2024-05-07 20:00:00,111.6
2024-05-07 21:00:00,56.0
2024-05-07 22:00:00,62.1
2024-05-07 23:00:00,54.1
2024-05-08 12:00:00,53.8
2024-05-08 13:00:00,33.0
2024-05-08 14:00:00,42.5
2024-05-08 15:00:00,156.9
2024-05-08 16:00:00,52.7
2024-05-08 17:00:00,208.2
2024-05-08 18:00:00,228.3
2024-05-08 19:00:00,170.3
2024-05-08 20:00:00,141.29999999999998
2024-05-08 21:00:00,33.6
2024-05-08 22:00:00,26.0
2024-05-08 23:00:00,3.6
2024-05-09 12:00:00,5.8
2024-05-09 13:00:00,21.3
2024-05-09 14:00:00,63.699999999999996
2024-05-09 15:00:00,78.7
2024-05-09 16:00:00,70.6
2024-05-09 17:00:00,131.4
2024-05-09 18:00:00,149.1
2024-05-09 19:00:00,110.5
2024-05-09 20:00:00,92.8
2024-05-09 21:00:00,80.0
2024-05-09 22:00:00,82.7
2024-05-09 23:00:00,99.3
2024-05-10 12:00:00,18.5
2024-05-10 13:00:00,60.8
2024-05-10 14:00:00,61.0
2024-05-10 15:00:00,110.1
2024-05-10 16:00:00,158.0
2024-05-10 17:00:00,167.9
2024-05-10 18:00:00,353.0
2024-05-10 19:00:00,290.3
2024-05-10 20:00:00,183.2
2024-05-10 21:00:00,230.5
2024-05-10 22:00:00,287.3
2024-05-10 23:00:00,258.4
2024-05-11 00:00:00,89.1
2024-05-11 12:00:00,44.4
2024-05-11 13:00:00,42.5
2024-05-11 14:00:00,67.9
2024-05-11 15:00:00,150.6
2024-05-11 16:00:00,172.0
2024-05-11 17:00:00,238.4
2024-05-11 18:00:00,239.1
2024-05-11 19:00:00,107.6
2024-05-11 20:00:00,68.4
2024-05-11 21:00:00,110.9
2024-05-11 22:00:00,96.1
2024-05-11 23:00:00,155.2
2024-05-12 00:00:00,16.6
2024-05-12 12:00:00,21.799999999999997
2024-05-12 13:00:00,93.0
2024-05-12 14:00:00,52.8
2024-05-12 15:00:00,175.8
2024-05-12 16:00:00,234.1
2024-05-12 17:00:00,211.4
2024-05-12 18:00:00,351.2
2024-05-12 19:00:00,252.9
2024-05-12 20:00:00,132.4
2024-05-12 21:00:00,118.0
2024-05-12 22:00:00,114.5
2024-05-12 23:00:00,98.2
2024-05-13 00:00:00,6.199999999999999
2024-05-13 12:00:00,12.4
2024-05-13 13:00:00,44.9
2024-05-13 14:00:00,37.9
2024-05-13 15:00:00,27.0
2024-05-13 16:00:00,107.10000000000001
2024-05-13 17:00:00,69.89999999999999
2024-05-13 18:00:00,72.7
2024-05-13 19:00:00,68.7
2024-05-13 20:00:00,0.0
2024-05-13 21:00:00,3.3
2024-05-13 22:00:00,3.3
2024-05-14 13:00:00,3.3
2024-05-14 14:00:00,27.9
2024-05-14 15:00:00,13.2
2024-05-14 16:00:00,54.9
2024-05-14 17:00:00,46.7
2024-05-14 18:00:00,16.4
2024-05-14 19:00:00,24.099999999999998
2024-05-14 20:00:00,16.1
2024-05-14 21:00:00,38.1
2024-05-14 22:00:00,18.6
2024-05-14 23:00:00,8.7
2024-05-15 12:00:00,24.599999999999998
2024-05-15 13:00:00,6.199999999999999
2024-05-15 14:00:00,69.2
2024-05-15 15:00:00,92.89999999999999
2024-05-15 16:00:00,86.5
2024-05-15 17:00:00,121.4
2024-05-15 18:00:00,194.2
2024-05-15 19:00:00,80.2
2024-05-15 20:00:00,67.5
2024-05-15 22:00:00,71.0
2024-05-15 23:00:00,8.7
2024-05-16 13:00:00,29.1
2024-05-16 14:00:00,26.099999999999998
2024-05-16 15:00:00,54.5
2024-05-16 16:00:00,41.2
2024-05-16 17:00:00,93.2
2024-05-16 18:00:00,69.6
2024-05-16 19:00:00,51.8
2024-05-16 20:00:00,12.399999999999999
2024-05-16 21:00:00,69.7
2024-05-16 22:00:00,36.4
2024-05-17 12:00:00,5.8
2024-05-17 13:00:00,21.4
2024-05-17 14:00:00,28.3
2024-05-17 15:00:00,119.8
2024-05-17 16:00:00,152.8
2024-05-17 17:00:00,140.1
2024-05-17 18:00:00,164.0
2024-05-17 19:00:00,159.2
2024-05-17 20:00:00,123.2
2024-05-17 21:00:00,90.9
2024-05-17 22:00:00,120.19999999999999
2024-05-17 23:00:00,189.7
2024-05-18 00:00:00,52.4
2024-05-18 12:00:00,8.1
2024-05-18 13:00:00,32.9
2024-05-18 14:00:00,142.0
2024-05-18 15:00:00,127.9
2024-05-18 16:00:00,145.3
2024-05-18 17:00:00,135.3
2024-05-18 18:00:00,231.5
2024-05-18 19:00:00,264.3
2024-05-18 20:00:00,203.79999999999998
2024-05-18 21:00:00,61.800000000000004
2024-05-18 22:00:00,124.39999999999999
2024-05-18 23:00:00,92.3
2024-05-19 00:00:00,11.3
2024-05-19 12:00:00,21.0
2024-05-19 13:00:00,46.6
2024-05-19 14:00:00,96.2
2024-05-19 15:00:00,264.3
2024-05-19 16:00:00,348.7
2024-05-19 17:00:00,236.1
2024-05-19 18:00:00,262.7
2024-05-19 19:00:00,266.4
2024-05-19 20:00:00,163.6
2024-05-19 21:00:00,108.39999999999999
2024-05-19 22:00:00,125.10000000000001
2024-05-19 23:00:00,41.3
2024-05-20 13:00:00,22.599999999999998
2024-05-20 14:00:00,46.9
2024-05-20 15:00:00,75.7
2024-05-20 16:00:00,233.79999999999998
2024-05-20 17:00:00,182.7
2024-05-20 18:00:00,270.5
2024-05-20 19:00:00,344.09999999999997
2024-05-20 20:00:00,191.1
2024-05-20 21:00:00,85.89999999999999
2024-05-20 22:00:00,61.199999999999996
2024-05-20 23:00:00,45.0
2024-05-21 13:00:00,16.5
2024-05-21 14:00:00,28.5
2024-05-21 15:00:00,57.1
2024-05-21 16:00:00,67.2
2024-05-21 17:00:00,56.7
2024-05-21 18:00:00,92.5
2024-05-21 19:00:00,104.8
2024-05-21 20:00:00,47.9
2024-05-21 21:00:00,2.9
2024-05-21 22:00:00,26.9
2024-05-22 13:00:00,34.699999999999996
2024-05-22 14:00:00,70.39999999999999
2024-05-22 15:00:00,85.9
2024-05-22 16:00:00,64.5
2024-05-22 17:00:00,132.7
2024-05-22 18:00:00,71.2
2024-05-22 19:00:00,116.9
2024-05-22 20:00:00,70.0
2024-05-22 21:00:00,28.9
2024-05-22 22:00:00,28.2
2024-05-23 13:00:00,31.5
2024-05-23 14:00:00,80.9
2024-05-23 15:00:00,26.299999999999997
2024-05-23 16:00:00,148.9
2024-05-23 17:00:00,112.6
2024-05-23 18:00:00,120.89999999999999
2024-05-23 19:00:00,80.7
2024-05-23 20:00:00,81.60000000000001
2024-05-23 21:00:00,52.7
2024-05-23 22:00:00,77.6
2024-05-23 23:00:00,22.4
2024-05-24 12:00:00,14.1
2024-05-24 13:00:00,42.7
2024-05-24 14:00:00,106.6
2024-05-24 15:00:00,142.29999999999998
2024-05-24 16:00:00,216.7
2024-05-24 17:00:00,129.1
2024-05-24 18:00:00,281.9
2024-05-24 19:00:00,294.3
2024-05-24 20:00:00,59.4
2024-05-24 21:00:00,123.3
2024-05-24 22:00:00,134.6
2024-05-24 23:00:00,165.4
2024-05-25 00:00:00,68.4
2024-05-25 13:00:00,46.3
2024-05-25 14:00:00,47.2
2024-05-25 15:00:00,202.3
2024-05-25 16:00:00,326.6
2024-05-25 17:00:00,338.3
2024-05-25 18:00:00,305.3
2024-05-25 19:00:00,396.5
2024-05-25 20:00:00,246.9
2024-05-25 21:00:00,237.7
2024-05-25 22:00:00,225.6
2024-05-25 23:00:00,311.85
2024-05-26 00:00:00,169.5
2024-05-26 12:00:00,38.8
2024-05-26 13:00:00,49.3
2024-05-26 14:00:00,74.8
2024-05-26 15:00:00,244.1
2024-05-26 16:00:00,261.09999999999997
2024-05-26 17:00:00,164.9
2024-05-26 18:00:00,232.2
2024-05-26 19:00:00,206.8
2024-05-26 20:00:00,125.6
2024-05-26 21:00:00,109.19999999999999
2024-05-26 22:00:00,133.0
2024-05-26 23:00:00,94.7
2024-05-27 13:00:00,6.6
2024-05-27 14:00:00,41.7
2024-05-27 15:00:00,18.2
2024-05-27 16:00:00,61.6
2024-05-27 17:00:00,108.6
2024-05-27 18:00:00,122.4
2024-05-27 19:00:00,161.5
2024-05-27 20:00:00,110.5
2024-05-27 21:00:00,48.2
2024-05-27 22:00:00,63.9
2024-05-27 23:00:00,48.5
2024-05-28 12:00:00,5.2
2024-05-28 13:00:00,12.700000000000001
2024-05-28 14:00:00,34.9
2024-05-28 15:00:00,39.3
2024-05-28 16:00:00,90.2
2024-05-28 17:00:00,88.5
2024-05-28 18:00:00,189.1
2024-05-28 19:00:00,206.4
2024-05-28 20:00:00,120.4
2024-05-28 21:00:00,46.0
2024-05-28 22:00:00,56.099999999999994
2024-05-29 12:00:00,12.5
2024-05-29 13:00:00,60.2
2024-05-29 14:00:00,27.7
2024-05-29 15:00:00,72.2
2024-05-29 16:00:00,129.1
2024-05-29 17:00:00,160.9
2024-05-29 18:00:00,167.6
2024-05-29 19:00:00,193.9
2024-05-29 20:00:00,88.3
2024-05-29 21:00:00,45.3
2024-05-29 22:00:00,69.1
2024-05-29 23:00:00,2.9
2024-05-30 12:00:00,1.5
2024-05-30 13:00:00,26.900000000000002
2024-05-30 14:00:00,7.699999999999999
2024-05-30 15:00:00,37.5
2024-05-30 16:00:00,91.3
2024-05-30 17:00:00,87.3
2024-05-30 18:00:00,26.6
2024-05-30 19:00:00,127.9
2024-05-30 20:00:00,55.300000000000004
2024-05-30 21:00:00,41.4
2024-05-30 22:00:00,90.6
2024-05-30 23:00:00,92.0
2024-05-31 13:00:00,54.900000000000006
2024-05-31 14:00:00,82.6
2024-05-31 15:00:00,48.6
2024-05-31 16:00:00,192.29999999999998
2024-05-31 17:00:00,169.0
2024-05-31 18:00:00,241.3
2024-05-31 19:00:00,309.5
2024-05-31 20:00:00,179.5
2024-05-31 21:00:00,193.2
2024-05-31 22:00:00,255.8
2024-05-31 23:00:00,248.7
2024-06-01 00:00:00,139.7
2024-06-01 12:00:00,34.9
2024-06-01 13:00:00,91.2
2024-06-01 14:00:00,70.3
2024-06-01 15:00:00,169.5
2024-06-01 16:00:00,352.9
2024-06-01 17:00:00,343.2
2024-06-01 18:00:00,363.5
2024-06-01 19:00:00,407.1
2024-06-01 20:00:00,199.0
2024-06-01 21:00:00,139.7
2024-06-01 22:00:00,190.4
2024-06-01 23:00:00,246.9
2024-06-02 00:00:00,60.0
2024-06-02 12:00:00,4.5
2024-06-02 13:00:00,33.599999999999994
2024-06-02 14:00:00,84.1
2024-06-02 15:00:00,188.0
2024-06-02 16:00:00,367.3
2024-06-02 17:00:00,436.59999999999997
2024-06-02 18:00:00,425.4
2024-06-02 19:00:00,358.2
2024-06-02 20:00:00,188.9
2024-06-02 21:00:00,174.0
2024-06-02 22:00:00,152.5
2024-06-02 23:00:00,78.3
2024-06-03 12:00:00,3.7
2024-06-03 13:00:00,33.6
2024-06-03 14:00:00,8.1
2024-06-03 15:00:00,19.0
2024-06-03 16:00:00,65.6
2024-06-03 17:00:00,143.7
2024-06-03 18:00:00,173.8
2024-06-03 19:00:00,105.6
2024-06-03 20:00:00,67.4
2024-06-03 21:00:00,60.9
2024-06-03 22:00:00,62.1
2024-06-03 23:00:00,20.5
2024-06-04 12:00:00,19.4
2024-06-04 14:00:00,32.9
2024-06-04 15:00:00,69.2
2024-06-04 16:00:00,111.5
2024-06-04 17:00:00,149.4
2024-06-04 18:00:00,284.4
2024-06-04 19:00:00,204.1
2024-06-04 20:00:00,155.2
2024-06-04 21:00:00,93.2
2024-06-04 22:00:00,144.1
2024-06-04 23:00:00,2.9
2024-06-05 12:00:00,5.8
2024-06-05 13:00:00,48.8
2024-06-05 14:00:00,66.0
2024-06-05 15:00:00,125.0
2024-06-05 16:00:00,164.4
2024-06-05 17:00:00,250.4
2024-06-05 18:00:00,282.3
2024-06-05 19:00:00,318.0
2024-06-05 20:00:00,212.5
2024-06-05 21:00:00,138.9
2024-06-05 22:00:00,295.7
2024-06-05 23:00:00,51.4
2024-06-06 13:00:00,34.6
2024-06-06 14:00:00,40.4
2024-06-06 15:00:00,78.7
2024-06-06 16:00:00,99.1
2024-06-06 17:00:00,100.9
2024-06-06 18:00:00,98.6
2024-06-06 19:00:00,138.1
2024-06-06 20:00:00,125.89999999999999
2024-06-06 21:00:00,96.9
2024-06-06 22:00:00,96.1
2024-06-06 23:00:00,108.9
2024-06-07 12:00:00,2.9
2024-06-07 13:00:00,111.1
2024-06-07 14:00:00,32.3
2024-06-07 15:00:00,67.0
2024-06-07 16:00:00,181.9
2024-06-07 17:00:00,178.9
2024-06-07 18:00:00,212.1
2024-06-07 19:00:00,206.2
2024-06-07 20:00:00,245.3
2024-06-07 21:00:00,136.1
2024-06-07 22:00:00,218.0
2024-06-07 23:00:00,105.5
2024-06-08 00:00:00,28.2
2024-06-08 12:00:00,73.8
2024-06-08 13:00:00,22.5
2024-06-08 14:00:00,52.800000000000004
2024-06-08 15:00:00,108.5
2024-06-08 16:00:00,147.3
2024-06-08 17:00:00,248.8
2024-06-08 18:00:00,247.6
2024-06-08 19:00:00,200.29999999999998
2024-06-08 20:00:00,149.4
2024-06-08 21:00:00,120.7
2024-06-08 22:00:00,169.0
2024-06-08 23:00:00,113.0
2024-06-09 00:00:00,12.399999999999999
2024-06-09 13:00:00,65.7
2024-06-09 14:00:00,25.5
2024-06-09 15:00:00,114.8
2024-06-09 16:00:00,101.2
2024-06-09 17:00:00,106.3
2024-06-09 18:00:00,199.6
2024-06-09 19:00:00,260.2
2024-06-09 20:00:00,265.3
2024-06-09 21:00:00,112.7
2024-06-09 22:00:00,115.1
2024-06-09 23:00:00,55.6
2024-06-10 12:00:00,6.199999999999999
2024-06-10 13:00:00,37.3
2024-06-10 14:00:00,21.6
2024-06-10 15:00:00,135.9
2024-06-10 16:00:00,111.1
2024-06-10 17:00:00,219.0
2024-06-10 18:00:00,142.1
2024-06-10 19:00:00,200.4
2024-06-10 20:00:00,136.6
2024-06-10 21:00:00,109.9
2024-06-10 22:00:00,60.599999999999994
2024-06-10 23:00:00,61.8
2024-06-11 12:00:00,2.9
2024-06-11 13:00:00,9.399999999999999
2024-06-11 14:00:00,27.8
2024-06-11 15:00:00,18.299999999999997
2024-06-11 16:00:00,48.5
2024-06-11 17:00:00,123.60000000000001
2024-06-11 18:00:00,155.3
2024-06-11 19:00:00,149.2
2024-06-11 20:00:00,143.9
2024-06-11 21:00:00,28.5
2024-06-11 22:00:00,80.1
2024-06-11 23:00:00,33.7
2024-06-12 13:00:00,12.7
2024-06-12 14:00:00,36.2
2024-06-12 15:00:00,90.5
2024-06-12 16:00:00,82.1
2024-06-12 17:00:00,261.0
2024-06-12 18:00:00,198.9
2024-06-12 19:00:00,292.4
2024-06-12 20:00:00,221.4
2024-06-12 21:00:00,114.4
2024-06-12 22:00:00,114.9
2024-06-12 23:00:00,49.800000000000004
2024-06-13 12:00:00,9.0
2024-06-13 13:00:00,28.0
2024-06-13 14:00:00,31.8
2024-06-13 15:00:00,111.2
2024-06-13 16:00:00,111.4
2024-06-13 17:00:00,164.3
2024-06-13 18:00:00,222.3
2024-06-13 19:00:00,170.8
2024-06-13 20:00:00,81.4
2024-06-13 21:00:00,96.5
2024-06-13 22:00:00,91.9
2024-06-13 23:00:00,36.2
2024-06-14 13:00:00,51.7
2024-06-14 14:00:00,18.8
2024-06-14 15:00:00,37.9
2024-06-14 16:00:00,98.4
2024-06-14 17:00:00,101.3
2024-06-14 18:00:00,158.1
2024-06-14 19:00:00,141.7
2024-06-14 20:00:00,117.4
2024-06-14 21:00:00,92.9
2024-06-14 22:00:00,195.9
2024-06-14 23:00:00,188.60000000000002
2024-06-15 00:00:00,47.8
2024-06-15 12:00:00,18.2
2024-06-15 13:00:00,56.1
2024-06-15 14:00:00,91.6
2024-06-15 15:00:00,175.0
2024-06-15 16:00:00,314.3
2024-06-15 17:00:00,267.7
2024-06-15 18:00:00,375.2
2024-06-15 19:00:00,487.4
2024-06-15 20:00:00,374.7
2024-06-15 21:00:00,252.0
2024-06-15 22:00:00,260.6
2024-06-15 23:00:00,418.8
2024-06-16 00:00:00,144.5
2024-06-16 12:00:00,6.2
2024-06-16 13:00:00,75.0
2024-06-16 14:00:00,103.0
2024-06-16 15:00:00,253.7
2024-06-16 16:00:00,368.7
2024-06-16 17:00:00,329.0
2024-06-16 18:00:00,539.5
2024-06-16 19:00:00,424.2
2024-06-16 20:00:00,264.8
2024-06-16 21:00:00,143.6
2024-06-16 22:00:00,152.20000000000002
2024-06-16 23:00:00,79.7
2024-06-17 12:00:00,23.0
2024-06-17 13:00:00,98.1
2024-06-17 14:00:00,77.3
2024-06-17 15:00:00,84.5
2024-06-17 16:00:00,195.7
2024-06-17 17:00:00,181.0
2024-06-17 18:00:00,303.3
2024-06-17 19:00:00,335.5
2024-06-17 20:00:00,294.4
2024-06-17 21:00:00,126.3
2024-06-17 22:00:00,190.6
2024-06-17 23:00:00,101.2
2024-06-18 12:00:00,6.2
2024-06-18 13:00:00,11.100000000000001
2024-06-18 14:00:00,54.300000000000004
2024-06-18 15:00:00,88.6
2024-06-18 16:00:00,160.6
2024-06-18 17:00:00,162.9
2024-06-18 18:00:00,147.2
2024-06-18 19:00:00,96.7
2024-06-18 20:00:00,93.5
2024-06-18 21:00:00,157.1
2024-06-18 22:00:00,112.6
2024-06-18 23:00:00,85.1
2024-06-19 12:00:00,32.2
2024-06-19 13:00:00,15.5
2024-06-19 14:00:00,44.7
2024-06-19 15:00:00,82.1
2024-06-19 16:00:00,52.7
2024-06-19 17:00:00,297.0
2024-06-19 18:00:00,309.7
2024-06-19 19:00:00,227.09
2024-06-19 20:00:00,164.0
2024-06-19 21:00:00,164.9
2024-06-19 22:00:00,88.2
2024-06-19 23:00:00,61.7
2024-06-20 00:00:00,3.7
2024-06-20 12:00:00,27.4
2024-06-20 13:00:00,14.2
2024-06-20 14:00:00,29.0
2024-06-20 15:00:00,83.7
2024-06-20 16:00:00,101.10000000000001
2024-06-20 17:00:00,85.9
2024-06-20 18:00:00,274.8
2024-06-20 19:00:00,119.9
2024-06-20 20:00:00,110.8
2024-06-20 21:00:00,42.1
2024-06-20 22:00:00,157.7
2024-06-20 23:00:00,108.8
2024-06-21 00:00:00,3.1
2024-06-21 13:00:00,41.0
2024-06-21 14:00:00,27.6
2024-06-21 15:00:00,94.6
2024-06-21 16:00:00,145.6
2024-06-21 17:00:00,88.2
2024-06-21 18:00:00,110.2
2024-06-21 19:00:00,227.7
2024-06-21 20:00:00,132.8
2024-06-21 21:00:00,135.4
2024-06-21 22:00:00,182.8
2024-06-21 23:00:00,320.1
2024-06-22 00:00:00,102.3
2024-06-22 01:00:00,7.8
2024-06-22 13:00:00,36.9
2024-06-22 14:00:00,88.3
2024-06-22 15:00:00,221.2
2024-06-22 16:00:00,206.4
2024-06-22 17:00:00,235.4
2024-06-22 18:00:00,406.1
2024-06-22 19:00:00,383.6
2024-06-22 20:00:00,201.5
2024-06-22 21:00:00,172.2
2024-06-22 22:00:00,340.8
2024-06-22 23:00:00,205.9
2024-06-23 00:00:00,166.6
2024-06-23 12:00:00,4.4
2024-06-23 13:00:00,23.2
2024-06-23 14:00:00,105.9
2024-06-23 15:00:00,120.0
2024-06-23 16:00:00,177.2
2024-06-23 17:00:00,231.3
2024-06-23 18:00:00,102.30000000000001
2024-06-23 19:00:00,295.0
2024-06-23 20:00:00,216.70000000000002
2024-06-23 21:00:00,78.3
2024-06-23 22:00:00,151.6
2024-06-23 23:00:00,84.1
2024-06-24 12:00:00,4.1
2024-06-24 13:00:00,19.3
2024-06-24 14:00:00,38.1
2024-06-24 15:00:00,99.2
2024-06-24 16:00:00,228.2
2024-06-24 17:00:00,245.5
2024-06-24 18:00:00,276.6
2024-06-24 19:00:00,318.5
2024-06-24 20:00:00,382.5
2024-06-24 21:00:00,254.1
2024-06-24 22:00:00,153.1
2024-06-24 23:00:00,129.9
2024-06-25 12:00:00,3.7
2024-06-25 13:00:00,20.6
2024-06-25 14:00:00,35.6
2024-06-25 15:00:00,58.1
2024-06-25 16:00:00,155.4
2024-06-25 17:00:00,145.7
2024-06-25 18:00:00,286.8
2024-06-25 19:00:00,239.3
2024-06-25 20:00:00,202.0
2024-06-25 21:00:00,219.6
2024-06-25 22:00:00,230.8
2024-06-25 23:00:00,69.5
2024-06-26 00:00:00,19.3
2024-06-26 12:00:00,17.9
2024-06-26 13:00:00,84.0
2024-06-26 14:00:00,62.2
2024-06-26 15:00:00,100.3
2024-06-26 16:00:00,213.0
2024-06-26 17:00:00,265.7
2024-06-26 18:00:00,305.2
2024-06-26 19:00:00,261.3
2024-06-26 20:00:00,251.8
2024-06-26 21:00:00,195.4
2024-06-26 22:00:00,86.4
2024-06-26 23:00:00,20.0
2024-06-27 13:00:00,39.3
2024-06-27 14:00:00,106.5
2024-06-27 15:00:00,57.2
2024-06-27 16:00:00,161.5
2024-06-27 17:00:00,103.2
2024-06-27 18:00:00,176.1
2024-06-27 19:00:00,173.0
2024-06-27 20:00:00,136.3
2024-06-27 21:00:00,123.1
2024-06-27 22:00:00,131.4
2024-06-27 23:00:00,122.80000000000001
2024-06-28 00:00:00,10.0
2024-06-28 12:00:00,46.300000000000004
2024-06-28 13:00:00,56.3
2024-06-28 14:00:00,111.4
2024-06-28 15:00:00,90.0
2024-06-28 16:00:00,190.8
2024-06-28 17:00:00,178.0
2024-06-28 18:00:00,325.8
2024-06-28 19:00:00,260.1
2024-06-28 20:00:00,256.8
2024-06-28 21:00:00,166.3
2024-06-28 22:00:00,292.0
2024-06-28 23:00:00,208.8
2024-06-29 00:00:00,116.0
2024-06-29 12:00:00,5.3
2024-06-29 13:00:00,64.0
2024-06-29 14:00:00,39.300000000000004
2024-06-29 15:00:00,216.6
2024-06-29 16:00:00,201.0
2024-06-29 17:00:00,243.9
2024-06-29 18:00:00,202.8
2024-06-29 19:00:00,249.0
2024-06-29 20:00:00,191.0
2024-06-29 21:00:00,203.9
2024-06-29 22:00:00,242.3
2024-06-29 23:00:00,298.3
2024-06-30 00:00:00,99.8
2024-06-30 12:00:00,50.2
2024-06-30 13:00:00,95.4
2024-06-30 14:00:00,128.6
2024-06-30 15:00:00,320.1
2024-06-30 16:00:00,311.2
2024-06-30 17:00:00,246.6
2024-06-30 18:00:00,416.90000000000003
2024-06-30 19:00:00,452.8
2024-06-30 20:00:00,357.8
2024-06-30 21:00:00,119.0
2024-06-30 22:00:00,190.9
2024-06-30 23:00:00,190.0
2024-07-01 00:00:00,6.2
2024-07-01 12:00:00,24.2
2024-07-01 13:00:00,38.3
2024-07-01 14:00:00,74.2
2024-07-01 15:00:00,181.8
2024-07-01 16:00:00,185.3
2024-07-01 17:00:00,194.6
2024-07-01 18:00:00,411.0
2024-07-01 19:00:00,175.0
2024-07-01 20:00:00,215.5
2024-07-01 21:00:00,165.2
2024-07-01 22:00:00,136.2
2024-07-01 23:00:00,138.5
2024-07-02 00:00:00,26.6
2024-07-02 13:00:00,28.5
2024-07-02 14:00:00,42.0
2024-07-02 15:00:00,108.6
2024-07-02 16:00:00,203.4
2024-07-02 17:00:00,293.3
2024-07-02 18:00:00,378.7
2024-07-02 19:00:00,313.0
2024-07-02 20:00:00,212.20000000000002
2024-07-02 21:00:00,234.4
2024-07-02 22:00:00,218.0
2024-07-02 23:00:00,123.6
2024-07-03 00:00:00,51.8
2024-07-03 13:00:00,50.0
2024-07-03 14:00:00,105.0
2024-07-03 15:00:00,155.6
2024-07-03 16:00:00,145.2
2024-07-03 17:00:00,219.9
2024-07-03 18:00:00,332.2
2024-07-03 19:00:00,368.1
2024-07-03 20:00:00,246.0
2024-07-03 21:00:00,184.5
2024-07-03 22:00:00,142.2
2024-07-03 23:00:00,111.5
2024-07-04 12:00:00,6.2
2024-07-04 13:00:00,57.3
2024-07-04 14:00:00,101.4
2024-07-04 15:00:00,158.6
2024-07-04 16:00:00,206.5
2024-07-04 17:00:00,249.2
2024-07-04 18:00:00,375.5
2024-07-04 19:00:00,359.6
2024-07-04 20:00:00,207.5
2024-07-04 21:00:00,169.0
2024-07-04 22:00:00,210.3
2024-07-04 23:00:00,300.2
2024-07-05 00:00:00,15.799999999999999
2024-07-05 12:00:00,29.3
2024-07-05 13:00:00,69.0
2024-07-05 14:00:00,106.10000000000001
2024-07-05 15:00:00,102.7
2024-07-05 16:00:00,184.4
2024-07-05 17:00:00,201.6
2024-07-05 18:00:00,259.9
2024-07-05 19:00:00,304.2
2024-07-05 20:00:00,141.7
2024-07-05 21:00:00,181.3
2024-07-05 22:00:00,337.9
2024-07-05 23:00:00,349.6
2024-07-06 00:00:00,154.1
2024-07-06 13:00:00,26.6
2024-07-06 14:00:00,54.2
2024-07-06 15:00:00,249.0
2024-07-06 16:00:00,183.8
2024-07-06 17:00:00,196.8
2024-07-06 18:00:00,129.1
2024-07-06 19:00:00,204.0
2024-07-06 20:00:00,156.5
2024-07-06 21:00:00,227.20000000000002
2024-07-06 22:00:00,204.8
2024-07-06 23:00:00,150.2
2024-07-07 00:00:00,142.8
2024-07-07 01:00:00,3.1
2024-07-07 12:00:00,27.700000000000003
2024-07-07 13:00:00,84.6
2024-07-07 14:00:00,170.6
2024-07-07 15:00:00,238.4
2024-07-07 16:00:00,419.6
2024-07-07 17:00:00,522.5
2024-07-07 18:00:00,395.6
2024-07-07 19:00:00,516.5
2024-07-07 20:00:00,389.7
2024-07-07 21:00:00,189.5
2024-07-07 22:00:00,218.9
2024-07-07 23:00:00,201.9
2024-07-08 12:00:00,14.8
2024-07-08 13:00:00,71.6
2024-07-08 14:00:00,66.4
2024-07-08 15:00:00,129.5
2024-07-08 16:00:00,188.7
2024-07-08 17:00:00,203.3
2024-07-08 18:00:00,310.3
2024-07-08 19:00:00,427.4
2024-07-08 20:00:00,332.3
2024-07-08 21:00:00,283.2
2024-07-08 22:00:00,158.1
2024-07-08 23:00:00,186.9
2024-07-09 12:00:00,39.4
2024-07-09 13:00:00,44.0
2024-07-09 14:00:00,131.7
2024-07-09 15:00:00,178.0
2024-07-09 16:00:00,95.7
2024-07-09 17:00:00,178.9
2024-07-09 18:00:00,234.0
2024-07-09 19:00:00,209.5
2024-07-09 20:00:00,115.3
2024-07-09 21:00:00,57.2
2024-07-09 22:00:00,51.5
2024-07-09 23:00:00,166.2
2024-07-10 00:00:00,6.2
2024-07-10 12:00:00,27.8
2024-07-10 13:00:00,59.099999999999994
2024-07-10 14:00:00,44.9
2024-07-10 15:00:00,90.3
2024-07-10 16:00:00,166.8
2024-07-10 17:00:00,254.70000000000002
2024-07-10 18:00:00,293.90000000000003
2024-07-10 19:00:00,305.8
2024-07-10 20:00:00,339.7
2024-07-10 21:00:00,220.1
2024-07-10 22:00:00,364.9
2024-07-10 23:00:00,133.1
2024-07-11 12:00:00,9.5
2024-07-11 13:00:00,21.8
2024-07-11 14:00:00,35.0
2024-07-11 15:00:00,113.8
2024-07-11 16:00:00,242.5
2024-07-11 17:00:00,263.5
2024-07-11 18:00:00,352.4
2024-07-11 19:00:00,296.7
2024-07-11 20:00:00,242.0
2024-07-11 21:00:00,182.5
2024-07-11 22:00:00,234.6
2024-07-11 23:00:00,152.4
2024-07-12 12:00:00,68.5
2024-07-12 13:00:00,9.3
2024-07-12 14:00:00,20.5
2024-07-12 15:00:00,176.8
2024-07-12 16:00:00,160.8
2024-07-12 17:00:00,196.4
2024-07-12 18:00:00,274.90000000000003
2024-07-12 19:00:00,317.3
2024-07-12 20:00:00,283.6
2024-07-12 21:00:00,281.5
2024-07-12 22:00:00,254.3
2024-07-12 23:00:00,368.3
2024-07-13 00:00:00,268.0
2024-07-13 12:00:00,30.1
2024-07-13 13:00:00,31.3
2024-07-13 14:00:00,69.9
2024-07-13 15:00:00,154.6
2024-07-13 16:00:00,304.1
2024-07-13 17:00:00,265.7
2024-07-13 18:00:00,319.0
2024-07-13 19:00:00,391.3
2024-07-13 20:00:00,262.2
2024-07-13 21:00:00,303.3
2024-07-13 22:00:00,467.5
2024-07-13 23:00:00,331.2
2024-07-14 00:00:00,277.2
2024-07-14 01:00:00,34.800000000000004
2024-07-14 12:00:00,9.3
2024-07-14 13:00:00,84.8
2024-07-14 14:00:00,81.7
2024-07-14 15:00:00,254.1
2024-07-14 16:00:00,264.9
2024-07-14 17:00:00,346.9
2024-07-14 18:00:00,519.3
2024-07-14 19:00:00,422.6
2024-07-14 20:00:00,185.3
2024-07-14 21:00:00,92.1
2024-07-14 22:00:00,103.3
2024-07-14 23:00:00,259.6
2024-07-15 00:00:00,32.3
2024-07-15 13:00:00,19.9
2024-07-15 14:00:00,101.6
2024-07-15 15:00:00,68.5
2024-07-15 16:00:00,138.0
2024-07-15 17:00:00,184.3
2024-07-15 18:00:00,275.9
2024-07-15 19:00:00,262.5
2024-07-15 20:00:00,266.0
2024-07-15 21:00:00,227.0
2024-07-15 22:00:00,166.7
2024-07-15 23:00:00,176.2
2024-07-16 00:00:00,4.5
2024-07-16 12:00:00,19.5
2024-07-16 13:00:00,11.100000000000001
2024-07-16 14:00:00,108.3
2024-07-16 15:00:00,158.3
2024-07-16 16:00:00,148.1
2024-07-16 17:00:00,279.6
2024-07-16 18:00:00,342.5
2024-07-16 19:00:00,265.8
2024-07-16 20:00:00,311.75
2024-07-16 21:00:00,159.9
2024-07-16 22:00:00,307.9
2024-07-16 23:00:00,263.8
2024-07-17 00:00:00,6.2
2024-07-17 12:00:00,9.2
2024-07-17 13:00:00,27.7
2024-07-17 14:00:00,85.0
2024-07-17 15:00:00,127.5
2024-07-17 16:00:00,256.3
2024-07-17 17:00:00,251.4
2024-07-17 18:00:00,320.40000000000003
2024-07-17 19:00:00,390.5
2024-07-17 20:00:00,276.0
2024-07-17 21:00:00,254.4
2024-07-17 22:00:00,276.6
2024-07-17 23:00:00,256.1
2024-07-18 00:00:00,30.9
2024-07-18 12:00:00,20.900000000000002
2024-07-18 13:00:00,8.2
2024-07-18 14:00:00,61.7
2024-07-18 15:00:00,111.60000000000001
2024-07-18 16:00:00,177.4
2024-07-18 17:00:00,183.9
2024-07-18 18:00:00,327.40000000000003
2024-07-18 19:00:00,340.8
2024-07-18 20:00:00,232.8
2024-07-18 21:00:00,220.0
2024-07-18 22:00:00,297.0
2024-07-18 23:00:00,225.3
2024-07-19 00:00:00,32.6
2024-07-19 12:00:00,28.5
2024-07-19 13:00:00,88.2
2024-07-19 14:00:00,45.199999999999996
2024-07-19 15:00:00,136.7
2024-07-19 16:00:00,160.6
2024-07-19 17:00:00,188.8
2024-07-19 18:00:00,333.8
2024-07-19 19:00:00,371.2
2024-07-19 20:00:00,381.0
2024-07-19 21:00:00,270.9
2024-07-19 22:00:00,549.6
2024-07-19 23:00:00,553.6
2024-07-20 00:00:00,377.1
2024-07-20 01:00:00,145.3
2024-07-20 12:00:00,3.7
2024-07-20 13:00:00,53.5
2024-07-20 14:00:00,118.5
2024-07-20 15:00:00,200.1
2024-07-20 16:00:00,349.8
2024-07-20 17:00:00,383.2
2024-07-20 18:00:00,482.8
2024-07-20 19:00:00,274.0
2024-07-20 20:00:00,111.9
2024-07-20 21:00:00,138.8
2024-07-20 22:00:00,151.6
2024-07-20 23:00:00,301.0
2024-07-21 00:00:00,197.4
2024-07-21 01:00:00,22.8
2024-07-21 12:00:00,17.0
2024-07-21 13:00:00,8.2
2024-07-21 14:00:00,190.2
2024-07-21 15:00:00,331.8
2024-07-21 16:00:00,467.3
2024-07-21 17:00:00,423.4
2024-07-21 18:00:00,409.6
2024-07-21 19:00:00,464.90000000000003
2024-07-21 20:00:00,266.8
2024-07-21 21:00:00,195.5
2024-07-21 22:00:00,356.0
2024-07-21 23:00:00,245.9
2024-07-22 00:00:00,103.7
2024-07-22 12:00:00,31.7
2024-07-22 13:00:00,62.4
2024-07-22 14:00:00,89.8
2024-07-22 15:00:00,132.5
2024-07-22 16:00:00,186.3
2024-07-22 17:00:00,140.8
2024-07-22 18:00:00,324.7
2024-07-22 19:00:00,302.0
2024-07-22 20:00:00,244.20000000000002
2024-07-22 21:00:00,231.4
2024-07-22 22:00:00,337.9
2024-07-22 23:00:00,182.2
2024-07-23 00:00:00,152.0
2024-07-23 01:00:00,12.2
2024-07-23 12:00:00,21.5
2024-07-23 13:00:00,49.800000000000004
2024-07-23 14:00:00,57.3
2024-07-23 15:00:00,101.7
2024-07-23 16:00:00,235.2
2024-07-23 17:00:00,245.8
2024-07-23 18:00:00,388.9
2024-07-23 19:00:00,308.0
2024-07-23 20:00:00,226.5
2024-07-23 21:00:00,207.5
2024-07-23 22:00:00,411.6
2024-07-23 23:00:00,362.5
2024-07-24 00:00:00,76.5
2024-07-24 01:00:00,28.8
2024-07-24 12:00:00,17.7
2024-07-24 13:00:00,41.1
2024-07-24 14:00:00,81.3
2024-07-24 15:00:00,147.7
2024-07-24 16:00:00,211.6
2024-07-24 17:00:00,225.5
2024-07-24 18:00:00,225.6
2024-07-24 19:00:00,337.7
2024-07-24 20:00:00,251.8
2024-07-24 21:00:00,248.8
2024-07-24 22:00:00,423.3
2024-07-24 23:00:00,428.2
2024-07-25 00:00:00,417.6
2024-07-25 01:00:00,133.1
2024-07-25 12:00:00,143.6
2024-07-25 13:00:00,88.7
2024-07-25 14:00:00,177.8
2024-07-25 15:00:00,283.2
2024-07-25 16:00:00,440.4
2024-07-25 17:00:00,498.3
2024-07-25 18:00:00,526.6
2024-07-25 19:00:00,506.7
2024-07-25 20:00:00,523.1
2024-07-25 21:00:00,407.0
2024-07-25 22:00:00,496.40000000000003
2024-07-25 23:00:00,566.8
2024-07-26 00:00:00,320.1
2024-07-26 01:00:00,64.1
2024-07-26 12:00:00,40.2
2024-07-26 13:00:00,37.2
2024-07-26 14:00:00,89.2
2024-07-26 15:00:00,196.4
2024-07-26 16:00:00,265.4
2024-07-26 17:00:00,379.4
2024-07-26 18:00:00,371.4
2024-07-26 19:00:00,362.3
2024-07-26 20:00:00,267.1
2024-07-26 21:00:00,254.0
2024-07-26 22:00:00,419.40000000000003
2024-07-26 23:00:00,492.8
2024-07-27 00:00:00,376.3
2024-07-27 01:00:00,133.8
2024-07-27 13:00:00,12.7
2024-07-27 14:00:00,99.3
2024-07-27 15:00:00,287.8
2024-07-27 16:00:00,430.40000000000003
2024-07-27 17:00:00,434.9
2024-07-27 18:00:00,427.0
2024-07-27 19:00:00,479.7
2024-07-27 20:00:00,409.9
2024-07-27 21:00:00,349.8
2024-07-27 22:00:00,441.9
2024-07-27 23:00:00,480.40000000000003
2024-07-28 00:00:00,440.1
2024-07-28 01:00:00,103.5
2024-07-28 12:00:00,8.6
2024-07-28 13:00:00,91.7
2024-07-28 14:00:00,223.6
2024-07-28 15:00:00,248.9
2024-07-28 16:00:00,342.6
2024-07-28 17:00:00,286.2
2024-07-28 18:00:00,509.3
2024-07-28 19:00:00,541.9
2024-07-28 20:00:00,472.90000000000003
2024-07-28 21:00:00,356.4
2024-07-28 22:00:00,365.7
2024-07-28 23:00:00,329.90000000000003
2024-07-29 00:00:00,304.1
2024-07-29 01:00:00,14.8
2024-07-29 12:00:00,15.5
2024-07-29 13:00:00,58.7
2024-07-29 14:00:00,118.2
2024-07-29 15:00:00,134.1
2024-07-29 16:00:00,111.0
2024-07-29 17:00:00,152.70000000000002
2024-07-29 18:00:00,316.6
2024-07-29 19:00:00,240.6
2024-07-29 20:00:00,140.8
2024-07-29 21:00:00,157.2
2024-07-29 22:00:00,173.6
2024-07-29 23:00:00,288.4
2024-07-30 00:00:00,17.5
2024-07-30 12:00:00,13.8
2024-07-30 13:00:00,59.2
2024-07-30 14:00:00,71.2
2024-07-30 15:00:00,64.7
2024-07-30 16:00:00,120.7
2024-07-30 17:00:00,214.4
2024-07-30 18:00:00,381.1
2024-07-30 19:00:00,385.3
2024-07-30 20:00:00,403.90000000000003
2024-07-30 21:00:00,227.6
2024-07-30 22:00:00,319.8
2024-07-30 23:00:00,424.5
2024-07-31 00:00:00,109.6
2024-07-31 12:00:00,77.3
2024-07-31 13:00:00,81.0
2024-07-31 14:00:00,68.8
2024-07-31 15:00:00,156.0
2024-07-31 16:00:00,181.6
2024-07-31 17:00:00,246.6
2024-07-31 18:00:00,336.6
2024-07-31 19:00:00,351.7
2024-07-31 20:00:00,218.2
2024-07-31 21:00:00,124.2
2024-07-31 22:00:00,252.0
2024-07-31 23:00:00,218.4
2024-08-01 00:00:00,61.6
2024-08-01 01:00:00,20.5
2024-08-01 12:00:00,29.0
2024-08-01 13:00:00,76.9
2024-08-01 14:00:00,59.199999999999996
2024-08-01 15:00:00,257.2
2024-08-01 16:00:00,152.5
2024-08-01 17:00:00,151.1
2024-08-01 18:00:00,373.6
2024-08-01 19:00:00,488.90000000000003
2024-08-01 20:00:00,248.6
2024-08-01 21:00:00,212.1
2024-08-01 22:00:00,274.1
2024-08-01 23:00:00,275.4
2024-08-02 00:00:00,151.2
2024-08-02 01:00:00,17.3
2024-08-02 12:00:00,19.7
2024-08-02 13:00:00,60.6
2024-08-02 14:00:00,42.4
2024-08-02 15:00:00,223.2
2024-08-02 16:00:00,347.7
2024-08-02 17:00:00,358.2
2024-08-02 18:00:00,374.2
2024-08-02 19:00:00,530.0
2024-08-02 20:00:00,267.8
2024-08-02 21:00:00,218.0
2024-08-02 22:00:00,380.8
2024-08-02 23:00:00,497.5
2024-08-03 00:00:00,243.4
2024-08-03 01:00:00,53.9
2024-08-03 13:00:00,68.5
2024-08-03 14:00:00,115.7
2024-08-03 15:00:00,115.3
2024-08-03 16:00:00,345.1
2024-08-03 17:00:00,343.1
2024-08-03 18:00:00,366.6
2024-08-03 19:00:00,452.6
2024-08-03 20:00:00,507.2
2024-08-03 21:00:00,374.1
2024-08-03 22:00:00,498.1
2024-08-03 23:00:00,494.2
2024-08-04 00:00:00,336.5
2024-08-04 01:00:00,34.2
2024-08-04 12:00:00,30.5
2024-08-04 13:00:00,79.9
2024-08-04 14:00:00,112.2
2024-08-04 15:00:00,198.6
2024-08-04 16:00:00,346.6
2024-08-04 17:00:00,419.0
2024-08-04 18:00:00,384.7
2024-08-04 19:00:00,564.1
2024-08-04 20:00:00,510.8
2024-08-04 21:00:00,237.9
2024-08-04 22:00:00,308.4
2024-08-04 23:00:00,303.7
2024-08-05 00:00:00,73.6
2024-08-05 12:00:00,42.9
2024-08-05 13:00:00,84.6
2024-08-05 14:00:00,103.6
2024-08-05 15:00:00,194.7
2024-08-05 16:00:00,314.1
2024-08-05 17:00:00,205.1
2024-08-05 18:00:00,342.4
2024-08-05 19:00:00,436.8
2024-08-05 20:00:00,298.6
2024-08-05 21:00:00,234.1
2024-08-05 22:00:00,306.1
2024-08-05 23:00:00,339.1
2024-08-06 00:00:00,116.7
2024-08-06 12:00:00,29.4
2024-08-06 13:00:00,32.0
2024-08-06 14:00:00,40.4
2024-08-06 15:00:00,120.9
2024-08-06 16:00:00,153.5
2024-08-06 17:00:00,209.0
2024-08-06 18:00:00,375.1
2024-08-06 19:00:00,479.3
2024-08-06 20:00:00,355.5
2024-08-06 21:00:00,210.8
2024-08-06 22:00:00,366.7
2024-08-06 23:00:00,396.7
2024-08-07 00:00:00,172.1
2024-08-07 01:00:00,24.3
2024-08-07 12:00:00,3.1
2024-08-07 13:00:00,57.3
2024-08-07 14:00:00,93.2
2024-08-07 15:00:00,239.5
2024-08-07 16:00:00,274.0
2024-08-07 17:00:00,356.1
2024-08-07 18:00:00,417.4
2024-08-07 19:00:00,344.5
2024-08-07 20:00:00,186.1
2024-08-07 21:00:00,197.4
2024-08-07 22:00:00,280.4
2024-08-07 23:00:00,389.5
2024-08-08 00:00:00,83.4
2024-08-08 12:00:00,3.1
2024-08-08 13:00:00,69.7
2024-08-08 14:00:00,55.7
2024-08-08 15:00:00,174.8
2024-08-08 16:00:00,233.0
2024-08-08 17:00:00,163.2
2024-08-08 18:00:00,362.3
2024-08-08 19:00:00,522.6
2024-08-08 20:00:00,250.4
2024-08-08 21:00:00,339.8
2024-08-08 22:00:00,409.40000000000003
2024-08-08 23:00:00,378.8
2024-08-09 00:00:00,146.8
2024-08-09 12:00:00,29.2
2024-08-09 13:00:00,28.5
2024-08-09 14:00:00,126.2
2024-08-09 15:00:00,204.0
2024-08-09 16:00:00,181.8
2024-08-09 17:00:00,197.7
2024-08-09 18:00:00,411.3
2024-08-09 19:00:00,423.0
2024-08-09 20:00:00,282.90000000000003
2024-08-09 21:00:00,305.0
2024-08-09 22:00:00,478.3
2024-08-09 23:00:00,430.5
2024-08-10 00:00:00,249.0
2024-08-10 01:00:00,35.2
2024-08-10 12:00:00,56.2
2024-08-10 13:00:00,40.4
2024-08-10 14:00:00,55.1
2024-08-10 15:00:00,236.1
2024-08-10 16:00:00,311.4
2024-08-10 17:00:00,365.4
2024-08-10 18:00:00,459.0
2024-08-10 19:00:00,466.0
2024-08-10 20:00:00,466.1
2024-08-10 21:00:00,297.2
2024-08-10 22:00:00,446.9
2024-08-10 23:00:00,490.4
2024-08-11 00:00:00,439.40000000000003
2024-08-11 01:00:00,83.10000000000001
2024-08-11 13:00:00,71.30000000000001
2024-08-11 14:00:00,89.3
2024-08-11 15:00:00,172.5
2024-08-11 16:00:00,231.1
2024-08-11 17:00:00,165.6
2024-08-11 18:00:00,524.4
2024-08-11 19:00:00,461.40000000000003
2024-08-11 20:00:00,499.8
2024-08-11 21:00:00,233.5
2024-08-11 22:00:00,344.9
2024-08-11 23:00:00,400.2
2024-08-12 00:00:00,69.9
2024-08-12 12:00:00,46.0
2024-08-12 13:00:00,41.7
2024-08-12 14:00:00,142.1
2024-08-12 15:00:00,307.1
2024-08-12 16:00:00,354.6
2024-08-12 17:00:00,287.6
2024-08-12 18:00:00,324.2
2024-08-12 19:00:00,328.5
2024-08-12 20:00:00,203.8
2024-08-12 21:00:00,130.3
2024-08-12 22:00:00,113.5
2024-08-12 23:00:00,109.8
2024-08-13 00:00:00,17.9
2024-08-13 12:00:00,8.6
2024-08-13 13:00:00,36.2
2024-08-13 14:00:00,105.5
2024-08-13 15:00:00,201.1
2024-08-13 16:00:00,250.3
2024-08-13 17:00:00,220.8
2024-08-13 18:00:00,307.0
2024-08-13 19:00:00,216.3
2024-08-13 20:00:00,212.6
2024-08-13 21:00:00,250.3
2024-08-13 22:00:00,287.6
2024-08-13 23:00:00,311.2
2024-08-14 00:00:00,173.4
2024-08-14 01:00:00,12.4
2024-08-14 13:00:00,40.7
2024-08-14 14:00:00,70.2
2024-08-14 15:00:00,155.7
2024-08-14 16:00:00,245.4
2024-08-14 17:00:00,389.2
2024-08-14 18:00:00,358.8
2024-08-14 19:00:00,331.90000000000003
2024-08-14 20:00:00,268.9
2024-08-14 21:00:00,197.3
2024-08-14 22:00:00,271.9
2024-08-14 23:00:00,333.5
2024-08-15 00:00:00,107.1
2024-08-15 01:00:00,7.4
2024-08-15 12:00:00,55.5
2024-08-15 13:00:00,79.7
2024-08-15 14:00:00,122.10000000000001
2024-08-15 15:00:00,262.3
2024-08-15 16:00:00,277.40000000000003
2024-08-15 17:00:00,367.2
2024-08-15 18:00:00,443.0
2024-08-15 19:00:00,539.3
2024-08-15 20:00:00,388.6
2024-08-15 21:00:00,242.79999999999998
2024-08-15 22:00:00,494.1
2024-08-15 23:00:00,397.1
2024-08-16 00:00:00,153.8
2024-08-16 01:00:00,7.4
2024-08-16 13:00:00,76.9
2024-08-16 14:00:00,91.4
2024-08-16 15:00:00,205.4
2024-08-16 16:00:00,257.0
2024-08-16 17:00:00,251.9
2024-08-16 18:00:00,468.1
2024-08-16 19:00:00,483.5
2024-08-16 20:00:00,431.3
2024-08-16 21:00:00,297.8
2024-08-16 22:00:00,500.0
2024-08-16 23:00:00,533.7
2024-08-17 00:00:00,294.4
2024-08-17 01:00:00,8.0
2024-08-17 12:00:00,14.2
2024-08-17 13:00:00,31.3
2024-08-17 14:00:00,115.7
2024-08-17 15:00:00,213.4
2024-08-17 16:00:00,443.5
2024-08-17 17:00:00,305.3
2024-08-17 18:00:00,455.90000000000003
2024-08-17 19:00:00,425.40000000000003
2024-08-17 20:00:00,271.8
2024-08-17 21:00:00,243.4
2024-08-17 22:00:00,454.2
2024-08-17 23:00:00,339.4
2024-08-18 00:00:00,274.8
2024-08-18 01:00:00,40.0
2024-08-18 12:00:00,24.2
2024-08-18 13:00:00,66.7
2024-08-18 14:00:00,38.5
2024-08-18 15:00:00,288.9
2024-08-18 16:00:00,360.1
2024-08-18 17:00:00,452.6
2024-08-18 18:00:00,503.6
2024-08-18 19:00:00,413.5
2024-08-18 20:00:00,385.1
2024-08-18 21:00:00,245.70000000000002
2024-08-18 22:00:00,391.1
2024-08-18 23:00:00,425.5
2024-08-19 00:00:00,48.4
2024-08-19 12:00:00,22.3
2024-08-19 13:00:00,14.4
2024-08-19 14:00:00,66.5
2024-08-19 15:00:00,58.3
2024-08-19 16:00:00,178.2
2024-08-19 17:00:00,272.3
2024-08-19 18:00:00,367.5
2024-08-19 19:00:00,340.6
2024-08-19 20:00:00,232.3
2024-08-19 21:00:00,296.4
2024-08-19 22:00:00,386.9
2024-08-19 23:00:00,325.8
2024-08-20 00:00:00,120.3
2024-08-20 12:00:00,66.3
2024-08-20 13:00:00,87.9
2024-08-20 14:00:00,82.7
2024-08-20 15:00:00,193.2
2024-08-20 16:00:00,151.1
2024-08-20 17:00:00,211.0
2024-08-20 18:00:00,238.1
2024-08-20 19:00:00,385.7
2024-08-20 20:00:00,203.4
2024-08-20 21:00:00,234.9
2024-08-20 22:00:00,276.1
2024-08-20 23:00:00,301.90000000000003
2024-08-21 00:00:00,71.7
2024-08-21 12:00:00,3.1
2024-08-21 13:00:00,26.200000000000003
2024-08-21 14:00:00,98.89999999999999
2024-08-21 15:00:00,177.6
2024-08-21 16:00:00,294.5
2024-08-21 17:00:00,259.7
2024-08-21 18:00:00,397.5
2024-08-21 19:00:00,496.8
2024-08-21 20:00:00,290.0
2024-08-21 21:00:00,265.6
2024-08-21 22:00:00,288.9
2024-08-21 23:00:00,242.9
2024-08-22 00:00:00,97.3
2024-08-22 12:00:00,7.4
2024-08-22 13:00:00,38.4
2024-08-22 14:00:00,197.5
2024-08-22 15:00:00,126.6
2024-08-22 16:00:00,203.0
2024-08-22 17:00:00,314.2
2024-08-22 18:00:00,397.9
2024-08-22 19:00:00,381.0
2024-08-22 20:00:00,393.8
2024-08-22 21:00:00,225.7
2024-08-22 22:00:00,299.4
2024-08-22 23:00:00,294.8
2024-08-23 00:00:00,81.1
2024-08-23 12:00:00,3.7
2024-08-23 13:00:00,51.0
2024-08-23 14:00:00,70.8
2024-08-23 15:00:00,179.2
2024-08-23 16:00:00,300.9
2024-08-23 17:00:00,243.8
2024-08-23 18:00:00,294.7
2024-08-23 19:00:00,449.7
2024-08-23 20:00:00,383.40000000000003
2024-08-23 21:00:00,351.3
2024-08-23 22:00:00,393.9
2024-08-23 23:00:00,482.1
2024-08-24 00:00:00,320.7
2024-08-24 01:00:00,45.400000000000006
2024-08-24 12:00:00,83.3
2024-08-24 13:00:00,51.1
2024-08-24 14:00:00,52.6
2024-08-24 15:00:00,83.7
2024-08-24 16:00:00,109.80000000000001
2024-08-24 17:00:00,104.4
2024-08-24 18:00:00,219.70000000000002
2024-08-24 19:00:00,271.9
2024-08-24 20:00:00,94.0
2024-08-24 21:00:00,125.5
2024-08-24 22:00:00,174.2
2024-08-24 23:00:00,136.5
2024-08-25 00:00:00,82.8
2024-08-25 12:00:00,34.6
2024-08-25 13:00:00,71.1
2024-08-25 14:00:00,127.1
2024-08-25 15:00:00,361.3
2024-08-25 16:00:00,549.6
2024-08-25 17:00:00,297.4
2024-08-25 18:00:00,456.9
2024-08-25 19:00:00,594.8
2024-08-25 20:00:00,343.5
2024-08-25 21:00:00,256.5
2024-08-25 22:00:00,363.5
2024-08-25 23:00:00,276.8
2024-08-26 00:00:00,47.3
2024-08-26 01:00:00,7.9
2024-08-26 12:00:00,30.0
2024-08-26 13:00:00,14.0
2024-08-26 14:00:00,64.6
2024-08-26 15:00:00,84.8
2024-08-26 16:00:00,200.4
2024-08-26 17:00:00,249.1
2024-08-26 18:00:00,376.5
2024-08-26 19:00:00,386.8
2024-08-26 20:00:00,214.3
2024-08-26 21:00:00,204.6
2024-08-26 22:00:00,348.40000000000003
2024-08-26 23:00:00,244.2
2024-08-27 00:00:00,29.6
2024-08-27 12:00:00,46.6
2024-08-27 13:00:00,48.2
2024-08-27 14:00:00,56.0
2024-08-27 15:00:00,138.8
2024-08-27 16:00:00,205.4
2024-08-27 17:00:00,251.2
2024-08-27 18:00:00,354.40000000000003
2024-08-27 19:00:00,269.1
2024-08-27 20:00:00,270.5
2024-08-27 21:00:00,233.8
2024-08-27 22:00:00,260.90000000000003
2024-08-27 23:00:00,200.1
2024-08-28 00:00:00,35.7
2024-08-28 12:00:00,37.4
2024-08-28 13:00:00,84.2
2024-08-28 14:00:00,94.3
2024-08-28 15:00:00,231.5
2024-08-28 16:00:00,229.6
2024-08-28 17:00:00,291.6
2024-08-28 18:00:00,296.1
2024-08-28 19:00:00,359.90000000000003
2024-08-28 20:00:00,209.9
2024-08-28 21:00:00,203.5
2024-08-28 22:00:00,335.9
2024-08-28 23:00:00,210.4
2024-08-29 00:00:00,101.60000000000001
2024-08-29 12:00:00,9.6
2024-08-29 13:00:00,29.7
2024-08-29 14:00:00,54.5
2024-08-29 15:00:00,203.1
2024-08-29 16:00:00,254.4
2024-08-29 17:00:00,300.7
2024-08-29 18:00:00,219.9
2024-08-29 19:00:00,232.9
2024-08-29 20:00:00,260.3
2024-08-29 21:00:00,162.4
2024-08-29 22:00:00,216.6
2024-08-29 23:00:00,160.9
2024-08-30 00:00:00,22.4
2024-08-30 12:00:00,27.1
2024-08-30 13:00:00,32.0
2024-08-30 14:00:00,77.8
2024-08-30 15:00:00,116.5
2024-08-30 16:00:00,290.2
2024-08-30 17:00:00,247.0
2024-08-30 18:00:00,363.4
2024-08-30 19:00:00,224.9
2024-08-30 20:00:00,163.3
2024-08-30 21:00:00,394.2
2024-08-30 22:00:00,419.6
2024-08-30 23:00:00,366.6
2024-08-31 00:00:00,121.4
2024-08-31 12:00:00,7.0
2024-08-31 13:00:00,68.8
2024-08-31 14:00:00,96.8
2024-08-31 15:00:00,216.7
2024-08-31 16:00:00,303.2
2024-08-31 17:00:00,171.5
2024-08-31 18:00:00,151.7
2024-08-31 19:00:00,125.4
2024-08-31 20:00:00,91.9
2024-08-31 21:00:00,131.7
2024-08-31 22:00:00,189.8
2024-08-31 23:00:00,217.3
2024-09-01 00:00:00,118.8
2024-09-01 01:00:00,32.7
2024-09-01 12:00:00,3.3
2024-09-01 13:00:00,28.8
2024-09-01 14:00:00,147.7
2024-09-01 15:00:00,277.9
2024-09-01 16:00:00,224.6
2024-09-01 17:00:00,228.20000000000002
2024-09-01 18:00:00,382.5
2024-09-01 19:00:00,254.10000000000002
2024-09-01 20:00:00,204.3
2024-09-01 21:00:00,226.0
2024-09-01 22:00:00,189.8
2024-09-01 23:00:00,189.9
2024-09-02 00:00:00,35.6
2024-09-02 12:00:00,11.5
2024-09-02 13:00:00,42.4
2024-09-02 14:00:00,31.2
2024-09-02 15:00:00,86.5
2024-09-02 16:00:00,106.1
2024-09-02 17:00:00,69.6
2024-09-02 18:00:00,40.2
2024-09-02 19:00:00,26.599999999999998
2024-09-02 20:00:00,81.8
2024-09-02 21:00:00,30.0
2024-09-02 22:00:00,140.9
2024-09-02 23:00:00,13.600000000000001
2024-09-03 13:00:00,5.4
2024-09-03 14:00:00,58.1
2024-09-03 15:00:00,39.5
2024-09-03 16:00:00,67.3
2024-09-03 17:00:00,97.7
2024-09-03 18:00:00,87.9
2024-09-03 19:00:00,58.6
2024-09-03 20:00:00,44.199999999999996
2024-09-03 21:00:00,39.1
2024-09-03 22:00:00,32.3
2024-09-03 23:00:00,29.5
2024-09-04 12:00:00,9.3
2024-09-04 13:00:00,4.1
2024-09-04 14:00:00,4.5
2024-09-04 15:00:00,31.5
2024-09-04 16:00:00,57.7
2024-09-04 17:00:00,59.1
2024-09-04 18:00:00,78.80000000000001
2024-09-04 19:00:00,162.9
2024-09-04 20:00:00,57.0
2024-09-04 21:00:00,67.0
2024-09-04 22:00:00,74.60000000000001
2024-09-04 23:00:00,37.7
2024-09-05 13:00:00,20.8
2024-09-05 14:00:00,22.6
2024-09-05 15:00:00,29.0
2024-09-05 16:00:00,72.6
2024-09-05 17:00:00,63.0
2024-09-05 18:00:00,40.7
2024-09-05 19:00:00,129.3
2024-09-05 20:00:00,78.2
2024-09-05 21:00:00,29.7
2024-09-05 22:00:00,78.1
2024-09-05 23:00:00,38.4
2024-09-06 12:00:00,6.2
2024-09-06 13:00:00,60.900000000000006
2024-09-06 14:00:00,42.1
2024-09-06 15:00:00,164.7
2024-09-06 16:00:00,193.6
2024-09-06 17:00:00,192.0
2024-09-06 18:00:00,259.3
2024-09-06 19:00:00,290.7
2024-09-06 20:00:00,142.4
2024-09-06 21:00:00,91.8
2024-09-06 22:00:00,283.3
2024-09-06 23:00:00,205.0
2024-09-07 00:00:00,107.4
2024-09-07 12:00:00,14.9
2024-09-07 13:00:00,6.2
2024-09-07 14:00:00,77.4
2024-09-07 15:00:00,144.8
2024-09-07 16:00:00,197.6
2024-09-07 17:00:00,278.9
2024-09-07 18:00:00,323.2
2024-09-07 19:00:00,278.8
2024-09-07 20:00:00,130.0
2024-09-07 21:00:00,140.70000000000002
2024-09-07 22:00:00,277.0
2024-09-07 23:00:00,232.3
2024-09-08 00:00:00,149.20000000000002
2024-09-08 12:00:00,44.9
2024-09-08 13:00:00,34.8
2024-09-08 14:00:00,105.3
2024-09-08 15:00:00,213.5
2024-09-08 16:00:00,253.8
2024-09-08 17:00:00,412.3
2024-09-08 18:00:00,436.7
2024-09-08 19:00:00,256.3
2024-09-08 20:00:00,225.1
2024-09-08 21:00:00,254.6
2024-09-08 22:00:00,144.3
2024-09-08 23:00:00,133.9
2024-09-09 12:00:00,9.5
2024-09-09 13:00:00,23.900000000000002
2024-09-09 14:00:00,27.7
2024-09-09 15:00:00,97.5
2024-09-09 16:00:00,168.6
2024-09-09 17:00:00,86.7
2024-09-09 18:00:00,147.1
2024-09-09 19:00:00,141.4
2024-09-09 20:00:00,124.89999999999999
2024-09-09 21:00:00,82.4
2024-09-09 22:00:00,115.4
2024-09-09 23:00:00,59.099999999999994
2024-09-10 00:00:00,22.799999999999997
2024-09-10 13:00:00,10.1
2024-09-10 14:00:00,15.8
2024-09-10 15:00:00,19.8
2024-09-10 16:00:00,69.7
2024-09-10 17:00:00,80.7
2024-09-10 18:00:00,98.8
2024-09-10 19:00:00,105.9
2024-09-10 20:00:00,87.0
2024-09-10 21:00:00,107.8
2024-09-10 22:00:00,103.2
2024-09-10 23:00:00,130.0
2024-09-11 00:00:00,23.4
2024-09-11 15:00:00,17.6
2024-09-11 16:00:00,45.8
2024-09-11 17:00:00,49.5
2024-09-11 18:00:00,35.5
2024-09-11 19:00:00,31.5
2024-09-11 20:00:00,33.8
2024-09-11 21:00:00,43.7
2024-09-11 22:00:00,54.4
2024-09-11 23:00:00,13.0
2024-09-12 12:00:00,1.8
2024-09-12 14:00:00,38.2
2024-09-12 15:00:00,6.4
2024-09-12 16:00:00,38.9
2024-09-12 17:00:00,21.1
2024-09-12 18:00:00,24.8
2024-09-12 19:00:00,49.9
2024-09-12 20:00:00,33.0
2024-09-12 21:00:00,4.3
2024-09-12 22:00:00,86.1
2024-09-12 23:00:00,121.3
2024-09-13 00:00:00,4.1
2024-09-13 13:00:00,39.9
2024-09-13 14:00:00,18.7
2024-09-13 15:00:00,104.6
2024-09-13 16:00:00,172.3
2024-09-13 17:00:00,152.7
2024-09-13 18:00:00,273.1
2024-09-13 19:00:00,146.2
2024-09-13 20:00:00,130.6
2024-09-13 21:00:00,139.4
2024-09-13 22:00:00,193.4
2024-09-13 23:00:00,162.3
2024-09-14 00:00:00,152.5
2024-09-14 13:00:00,43.900000000000006
2024-09-14 14:00:00,79.7
2024-09-14 15:00:00,189.5
2024-09-14 16:00:00,289.0
2024-09-14 17:00:00,340.7
2024-09-14 18:00:00,292.5
2024-09-14 19:00:00,210.5
2024-09-14 20:00:00,104.4
2024-09-14 21:00:00,108.5
2024-09-14 22:00:00,191.0
2024-09-14 23:00:00,244.2
2024-09-15 00:00:00,183.3
2024-09-15 01:00:00,33.7
2024-09-15 12:00:00,48.4
2024-09-15 13:00:00,45.0
2024-09-15 14:00:00,130.5
2024-09-15 15:00:00,338.40000000000003
2024-09-15 16:00:00,339.7
2024-09-15 17:00:00,348.2
2024-09-15 18:00:00,420.3
2024-09-15 19:00:00,217.6
2024-09-15 20:00:00,101.5
2024-09-15 21:00:00,228.39999999999998
2024-09-15 22:00:00,105.7
2024-09-15 23:00:00,128.7
2024-09-16 00:00:00,3.1
2024-09-16 12:00:00,50.8
2024-09-16 13:00:00,26.6
2024-09-16 14:00:00,46.8
2024-09-16 15:00:00,115.1
2024-09-16 16:00:00,61.3
2024-09-16 17:00:00,156.9
2024-09-16 18:00:00,198.3
2024-09-16 19:00:00,343.90000000000003
2024-09-16 20:00:00,82.3
2024-09-16 21:00:00,130.0
2024-09-16 22:00:00,147.2
2024-09-16 23:00:00,65.7
2024-09-17 13:00:00,9.3
2024-09-17 14:00:00,24.7
2024-09-17 15:00:00,85.2
2024-09-17 16:00:00,109.0
2024-09-17 17:00:00,110.2
2024-09-17 18:00:00,114.8
2024-09-17 19:00:00,162.6
2024-09-17 20:00:00,74.4
2024-09-17 21:00:00,66.6
2024-09-17 22:00:00,61.5
2024-09-17 23:00:00,46.2
2024-09-18 13:00:00,11.3
2024-09-18 14:00:00,25.4
2024-09-18 15:00:00,100.89999999999999
2024-09-18 16:00:00,58.0
2024-09-18 17:00:00,134.8
2024-09-18 18:00:00,214.7
2024-09-18 19:00:00,106.80000000000001
2024-09-18 20:00:00,78.2
2024-09-18 21:00:00,64.0
2024-09-18 22:00:00,95.0
2024-09-18 23:00:00,119.0
2024-09-19 12:00:00,15.2
2024-09-19 13:00:00,14.4
2024-09-19 14:00:00,113.10000000000001
2024-09-19 15:00:00,65.3
2024-09-19 16:00:00,73.2
2024-09-19 17:00:00,116.4
2024-09-19 18:00:00,220.20000000000002
2024-09-19 19:00:00,245.1
2024-09-19 20:00:00,156.7
2024-09-19 21:00:00,85.7
2024-09-19 22:00:00,113.4
2024-09-19 23:00:00,76.6
2024-09-20 13:00:00,49.5
2024-09-20 14:00:00,36.4
2024-09-20 15:00:00,114.0
2024-09-20 16:00:00,128.4
2024-09-20 17:00:00,136.4
2024-09-20 18:00:00,139.2
2024-09-20 19:00:00,228.8
2024-09-20 20:00:00,62.6
2024-09-20 21:00:00,101.6
2024-09-20 22:00:00,118.4
2024-09-20 23:00:00,122.5
2024-09-21 00:00:00,11.1
2024-09-21 12:00:00,40.6
2024-09-21 13:00:00,30.0
2024-09-21 14:00:00,82.6
2024-09-21 15:00:00,189.8
2024-09-21 16:00:00,208.4
2024-09-21 17:00:00,284.9
2024-09-21 18:00:00,201.4
2024-09-21 19:00:00,206.7
2024-09-21 20:00:00,165.0
2024-09-21 21:00:00,101.6
2024-09-21 22:00:00,91.1
2024-09-21 23:00:00,67.0
2024-09-22 00:00:00,35.6
2024-09-22 12:00:00,34.0
2024-09-22 13:00:00,82.2
2024-09-22 14:00:00,94.1
2024-09-22 15:00:00,186.3
2024-09-22 16:00:00,335.4
2024-09-22 17:00:00,244.3
2024-09-22 18:00:00,224.8
2024-09-22 19:00:00,95.3
2024-09-22 20:00:00,101.6
2024-09-22 21:00:00,135.9
2024-09-22 22:00:00,123.2
2024-09-22 23:00:00,69.8
2024-09-23 12:00:00,11.8
2024-09-23 13:00:00,30.2
2024-09-23 14:00:00,55.300000000000004
2024-09-23 15:00:00,108.6
2024-09-23 16:00:00,16.1
2024-09-23 17:00:00,73.2
2024-09-23 18:00:00,69.4
2024-09-23 19:00:00,176.1
2024-09-23 20:00:00,138.2
2024-09-23 21:00:00,45.6
2024-09-23 22:00:00,97.7
2024-09-23 23:00:00,63.3
2024-09-24 12:00:00,6.2
2024-09-24 13:00:00,3.1
2024-09-24 14:00:00,24.5
2024-09-24 15:00:00,71.9
2024-09-24 16:00:00,37.9
2024-09-24 17:00:00,108.80000000000001
2024-09-24 18:00:00,251.70000000000002
2024-09-24 19:00:00,218.5
2024-09-24 20:00:00,182.9
2024-09-24 21:00:00,91.7
2024-09-24 22:00:00,78.7
2024-09-24 23:00:00,63.4
2024-09-25 12:00:00,7.4
2024-09-25 13:00:00,27.4
2024-09-25 14:00:00,53.8
2024-09-25 15:00:00,39.4
2024-09-25 16:00:00,53.6
2024-09-25 17:00:00,60.5
2024-09-25 18:00:00,202.4
2024-09-25 19:00:00,65.60000000000001
2024-09-25 20:00:00,162.9
2024-09-25 21:00:00,68.7
2024-09-25 22:00:00,120.10000000000001
2024-09-25 23:00:00,63.400000000000006
2024-09-26 13:00:00,7.6
2024-09-26 14:00:00,33.2
2024-09-26 15:00:00,55.6
2024-09-26 16:00:00,38.8
2024-09-26 17:00:00,28.0
2024-09-26 18:00:00,28.7
2024-09-26 19:00:00,194.2
2024-09-26 20:00:00,47.8
2024-09-26 21:00:00,37.5
2024-09-26 23:00:00,6.8
2024-09-27 12:00:00,19.5
2024-09-27 13:00:00,26.0
2024-09-27 14:00:00,25.3
2024-09-27 15:00:00,29.200000000000003
2024-09-27 16:00:00,106.7
2024-09-27 17:00:00,86.3
2024-09-27 18:00:00,152.2
2024-09-27 19:00:00,141.5
2024-09-27 20:00:00,95.0
2024-09-27 21:00:00,53.6
2024-09-27 22:00:00,58.6
2024-09-27 23:00:00,53.0
2024-09-28 00:00:00,7.4
2024-09-28 13:00:00,15.7
2024-09-28 14:00:00,48.3
2024-09-28 15:00:00,195.5
2024-09-28 16:00:00,213.3
2024-09-28 17:00:00,149.8
2024-09-28 18:00:00,274.0
2024-09-28 19:00:00,307.2
2024-09-28 20:00:00,254.20000000000002
2024-09-28 21:00:00,137.4
2024-09-28 22:00:00,164.9
2024-09-28 23:00:00,240.4
2024-09-29 00:00:00,42.1
2024-09-29 12:00:00,77.0
2024-09-29 13:00:00,14.0
2024-09-29 14:00:00,127.9
2024-09-29 15:00:00,275.2
2024-09-29 16:00:00,563.2
2024-09-29 17:00:00,455.7
2024-09-29 18:00:00,589.4
2024-09-29 19:00:00,407.9
2024-09-29 20:00:00,272.5
2024-09-29 21:00:00,95.6
2024-09-29 22:00:00,162.9
2024-09-29 23:00:00,66.0
2024-09-30 12:00:00,2.5
2024-09-30 14:00:00,22.9
2024-09-30 15:00:00,79.9
2024-09-30 16:00:00,219.2
2024-09-30 17:00:00,115.9
2024-09-30 18:00:00,126.10000000000001
2024-09-30 19:00:00,168.0
2024-09-30 20:00:00,76.0
2024-09-30 21:00:00,66.10000000000001
2024-09-30 22:00:00,63.6
2024-09-30 23:00:00,35.0
2024-10-02 13:00:00,40.6
2024-10-02 15:00:00,20.4
2024-10-02 16:00:00,22.0
2024-10-02 17:00:00,1.8
2024-10-02 18:00:00,78.0
2024-10-02 19:00:00,72.1
2024-10-02 20:00:00,22.3
2024-10-02 21:00:00,39.1
2024-10-02 22:00:00,14.4
2024-10-02 23:00:00,6.2
2024-10-03 12:00:00,3.8
2024-10-03 13:00:00,58.1
2024-10-03 14:00:00,35.9
2024-10-03 15:00:00,77.5
2024-10-03 16:00:00,52.8
2024-10-03 17:00:00,121.2
2024-10-03 18:00:00,295.7
2024-10-03 19:00:00,197.8
2024-10-03 20:00:00,182.2
2024-10-03 21:00:00,104.0
2024-10-03 22:00:00,67.7
2024-10-03 23:00:00,21.200000000000003
2024-10-04 12:00:00,9.5
2024-10-04 13:00:00,10.0
2024-10-04 14:00:00,40.1
2024-10-04 15:00:00,121.7
2024-10-04 16:00:00,104.8
2024-10-04 17:00:00,152.0
2024-10-04 18:00:00,208.20000000000002
2024-10-04 19:00:00,259.2
2024-10-04 20:00:00,97.6
2024-10-04 21:00:00,178.1
2024-10-04 22:00:00,155.5
2024-10-04 23:00:00,168.1
2024-10-05 00:00:00,42.300000000000004
2024-10-05 12:00:00,47.8
2024-10-05 13:00:00,24.5
2024-10-05 14:00:00,86.7
2024-10-05 15:00:00,211.8
2024-10-05 16:00:00,319.6
2024-10-05 17:00:00,162.0
2024-10-05 18:00:00,159.8
2024-10-05 19:00:00,292.2
2024-10-05 20:00:00,208.6
2024-10-05 21:00:00,96.6
2024-10-05 22:00:00,170.5
2024-10-05 23:00:00,131.9
2024-10-06 00:00:00,52.1
2024-10-06 12:00:00,3.9
2024-10-06 13:00:00,19.3
2024-10-06 14:00:00,192.9
2024-10-06 15:00:00,241.7
2024-10-06 16:00:00,282.5
2024-10-06 17:00:00,216.0
2024-10-06 18:00:00,293.1
2024-10-06 19:00:00,264.2
2024-10-06 20:00:00,86.2
2024-10-06 21:00:00,91.0
2024-10-06 22:00:00,59.7
2024-10-06 23:00:00,82.3
2024-10-07 12:00:00,13.1
2024-10-07 13:00:00,19.6
2024-10-07 14:00:00,22.7
2024-10-07 15:00:00,24.6
2024-10-07 16:00:00,26.5
2024-10-07 17:00:00,82.1
2024-10-07 18:00:00,124.6
2024-10-07 19:00:00,161.0
2024-10-07 20:00:00,77.7
2024-10-07 21:00:00,56.2
2024-10-07 22:00:00,85.4
2024-10-07 23:00:00,42.9
2024-10-09 13:00:00,24.9
2024-10-09 14:00:00,16.700000000000003
2024-10-09 16:00:00,12.1
2024-10-09 17:00:00,4.1
2024-10-09 18:00:00,57.2
2024-10-09 19:00:00,47.6
2024-10-09 20:00:00,4.1
2024-10-09 21:00:00,36.7
2024-10-09 22:00:00,28.8
2024-10-09 23:00:00,9.3
2024-10-10 14:00:00,52.0
2024-10-10 15:00:00,66.8
2024-10-10 16:00:00,81.3
2024-10-10 17:00:00,103.60000000000001
2024-10-10 18:00:00,136.3
2024-10-10 19:00:00,94.6
2024-10-10 20:00:00,131.1
2024-10-10 21:00:00,43.5
2024-10-10 22:00:00,100.3
2024-10-10 23:00:00,49.2
2024-10-11 13:00:00,24.8
2024-10-11 14:00:00,64.3
2024-10-11 15:00:00,105.7
2024-10-11 16:00:00,115.0
2024-10-11 17:00:00,99.1
2024-10-11 18:00:00,237.4
2024-10-11 19:00:00,126.6
2024-10-11 20:00:00,160.4
2024-10-11 21:00:00,98.3
2024-10-11 22:00:00,188.2
2024-10-11 23:00:00,235.2
2024-10-12 00:00:00,83.0
2024-10-12 12:00:00,24.3
2024-10-12 13:00:00,26.7
2024-10-12 14:00:00,85.0
2024-10-12 15:00:00,222.6
2024-10-12 16:00:00,151.6
2024-10-12 17:00:00,272.7
2024-10-12 18:00:00,356.1
2024-10-12 19:00:00,323.6
2024-10-12 20:00:00,127.0
2024-10-12 21:00:00,167.3
2024-10-12 22:00:00,315.1
2024-10-12 23:00:00,287.7
2024-10-13 00:00:00,198.8
2024-10-13 12:00:00,39.3
2024-10-13 13:00:00,94.2
2024-10-13 14:00:00,164.70000000000002
2024-10-13 15:00:00,241.1
2024-10-13 16:00:00,349.9
2024-10-13 17:00:00,303.8
2024-10-13 18:00:00,444.9
2024-10-13 19:00:00,413.4
2024-10-13 20:00:00,213.9
2024-10-13 21:00:00,102.1
2024-10-13 22:00:00,143.7
2024-10-13 23:00:00,61.7
2024-10-14 13:00:00,25.400000000000002
2024-10-14 14:00:00,20.2
2024-10-14 15:00:00,35.6
2024-10-14 16:00:00,72.0
2024-10-14 17:00:00,87.5
2024-10-14 18:00:00,95.4
2024-10-14 19:00:00,75.6
2024-10-14 20:00:00,23.2
2024-10-14 21:00:00,44.4
2024-10-14 22:00:00,80.10000000000001
2024-10-16 13:00:00,26.0
2024-10-16 14:00:00,9.3
2024-10-16 15:00:00,26.5
2024-10-16 16:00:00,24.0
2024-10-16 17:00:00,37.5
2024-10-16 18:00:00,64.5
2024-10-16 19:00:00,58.6
2024-10-16 20:00:00,62.5
2024-10-16 21:00:00,37.7
2024-10-16 22:00:00,30.5
2024-10-16 23:00:00,17.7
2024-10-17 14:00:00,6.2
2024-10-17 15:00:00,24.900000000000002
2024-10-17 16:00:00,14.4
2024-10-17 17:00:00,14.9
2024-10-17 18:00:00,20.5
2024-10-17 19:00:00,56.0
2024-10-17 20:00:00,12.1
2024-10-17 21:00:00,27.8
2024-10-17 22:00:00,18.2
2024-10-17 23:00:00,7.4
2024-10-18 13:00:00,3.7
2024-10-18 14:00:00,77.2
2024-10-18 15:00:00,64.0
2024-10-18 16:00:00,76.7
2024-10-18 17:00:00,89.39999999999999
2024-10-18 18:00:00,124.4
2024-10-18 19:00:00,127.1
2024-10-18 20:00:00,87.1
2024-10-18 21:00:00,37.3
2024-10-18 22:00:00,152.20000000000002
2024-10-18 23:00:00,188.4
2024-10-19 00:00:00,113.0
2024-10-19 13:00:00,22.400000000000002
2024-10-19 14:00:00,64.9
2024-10-19 15:00:00,115.1
2024-10-19 16:00:00,129.9
2024-10-19 17:00:00,122.10000000000001
2024-10-19 18:00:00,133.5
2024-10-19 19:00:00,118.0
2024-10-19 20:00:00,144.4
2024-10-19 21:00:00,232.8
2024-10-19 22:00:00,323.6
2024-10-19 23:00:00,287.0
2024-10-20 00:00:00,128.4
2024-10-20 12:00:00,4.9
2024-10-20 13:00:00,90.7
2024-10-20 14:00:00,107.9
2024-10-20 15:00:00,335.0
2024-10-20 16:00:00,316.6
2024-10-20 17:00:00,446.9
2024-10-20 18:00:00,385.6
2024-10-20 19:00:00,270.6
2024-10-20 20:00:00,167.9
2024-10-20 21:00:00,60.4
2024-10-20 22:00:00,106.7
2024-10-20 23:00:00,85.2
2024-10-21 13:00:00,30.8
2024-10-21 14:00:00,34.3
2024-10-21 15:00:00,84.9
2024-10-21 16:00:00,63.0
2024-10-21 17:00:00,25.4
2024-10-21 18:00:00,40.0
2024-10-21 19:00:00,16.2
2024-10-21 20:00:00,52.400000000000006
2024-10-21 21:00:00,19.799999999999997
2024-10-21 22:00:00,56.7
2024-10-21 23:00:00,31.9
2024-10-23 13:00:00,16.4
2024-10-23 14:00:00,6.800000000000001
2024-10-23 15:00:00,92.3
2024-10-23 16:00:00,94.2
2024-10-23 17:00:00,125.5
2024-10-23 18:00:00,138.6
2024-10-23 19:00:00,92.0
2024-10-23 20:00:00,69.3
2024-10-23 21:00:00,57.4
2024-10-23 22:00:00,136.4
2024-10-23 23:00:00,40.7
2024-10-24 12:00:00,7.8
2024-10-24 13:00:00,15.7
2024-10-24 14:00:00,57.4
2024-10-24 15:00:00,94.0
2024-10-24 16:00:00,75.3
2024-10-24 17:00:00,142.4
2024-10-24 18:00:00,206.9
2024-10-24 19:00:00,242.0
2024-10-24 20:00:00,101.6
2024-10-24 21:00:00,101.4
2024-10-24 22:00:00,154.1
2024-10-24 23:00:00,63.2
2024-10-25 12:00:00,10.0
2024-10-25 13:00:00,4.1
2024-10-25 14:00:00,45.5
2024-10-25 15:00:00,25.3
2024-10-25 16:00:00,97.2
2024-10-25 17:00:00,35.7
2024-10-25 18:00:00,24.2
2024-10-25 19:00:00,23.6
2024-10-25 20:00:00,27.7
2024-10-25 21:00:00,57.5
2024-10-25 22:00:00,88.2
2024-10-25 23:00:00,60.0
2024-10-26 00:00:00,24.8
2024-10-26 12:00:00,17.0
2024-10-26 13:00:00,1.4
2024-10-26 14:00:00,35.8
2024-10-26 15:00:00,98.9
2024-10-26 16:00:00,126.4
2024-10-26 17:00:00,68.3
2024-10-26 18:00:00,213.7
2024-10-26 19:00:00,144.0
2024-10-26 20:00:00,93.10000000000001
2024-10-26 21:00:00,112.9
2024-10-26 22:00:00,119.6
2024-10-26 23:00:00,112.4
2024-10-27 13:00:00,33.1
2024-10-27 14:00:00,30.700000000000003
2024-10-27 15:00:00,65.0
2024-10-27 16:00:00,89.3
2024-10-27 17:00:00,61.4
2024-10-27 18:00:00,38.3
2024-10-27 19:00:00,135.5
2024-10-27 20:00:00,145.0
2024-10-27 21:00:00,18.9
2024-10-27 22:00:00,44.3
2024-10-28 12:00:00,20.6
2024-10-28 13:00:00,13.600000000000001
2024-10-28 14:00:00,50.2
2024-10-28 15:00:00,83.8
2024-10-28 16:00:00,26.4
2024-10-28 17:00:00,111.2
2024-10-28 18:00:00,108.3
2024-10-28 19:00:00,122.7
2024-10-28 20:00:00,99.0
2024-10-28 21:00:00,37.6
2024-10-28 22:00:00,73.9
2024-10-28 23:00:00,10.8
2024-10-29 13:00:00,18.3
2024-10-29 14:00:00,13.8
2024-10-29 15:00:00,41.6
2024-10-29 16:00:00,122.19999999999999
2024-10-29 17:00:00,115.2
2024-10-29 18:00:00,84.10000000000001
2024-10-29 19:00:00,82.1
2024-10-29 20:00:00,123.9
2024-10-29 21:00:00,74.0
2024-10-29 22:00:00,75.0
2024-10-30 12:00:00,10.0
2024-10-30 13:00:00,16.8
2024-10-30 14:00:00,21.6
2024-10-30 15:00:00,76.6
2024-10-30 16:00:00,50.5
2024-10-30 17:00:00,92.9
2024-10-30 18:00:00,105.5
2024-10-30 19:00:00,81.4
2024-10-30 20:00:00,51.7
2024-10-30 21:00:00,67.8
2024-10-30 22:00:00,87.7
2024-10-30 23:00:00,21.7
2024-10-31 12:00:00,8.4
2024-10-31 13:00:00,51.0
2024-10-31 14:00:00,44.4
2024-10-31 15:00:00,123.5
2024-10-31 16:00:00,167.1
2024-10-31 17:00:00,101.5
2024-10-31 18:00:00,143.3
2024-10-31 19:00:00,114.0
2024-10-31 20:00:00,75.7
2024-10-31 21:00:00,146.7
2024-10-31 22:00:00,204.5
2024-10-31 23:00:00,262.1
2024-11-01 00:00:00,83.0
2024-11-01 12:00:00,16.9
2024-11-01 13:00:00,53.4
2024-11-01 14:00:00,152.4
2024-11-01 15:00:00,264.4
2024-11-01 16:00:00,352.1
2024-11-01 17:00:00,371.5
2024-11-01 18:00:00,445.5
2024-11-01 19:00:00,307.1
2024-11-01 20:00:00,275.6
2024-11-01 21:00:00,267.0
2024-11-01 22:00:00,376.0
2024-11-01 23:00:00,345.9
2024-11-02 00:00:00,178.8
2024-11-02 01:00:00,9.6
2024-11-02 12:00:00,7.4
2024-11-02 13:00:00,53.4
2024-11-02 14:00:00,98.10000000000001
2024-11-02 15:00:00,334.8
2024-11-02 16:00:00,400.5
2024-11-02 17:00:00,370.8
2024-11-02 18:00:00,179.3
2024-11-02 19:00:00,221.8
2024-11-02 20:00:00,222.5
2024-11-02 21:00:00,203.7
2024-11-02 22:00:00,272.8
2024-11-02 23:00:00,238.4
2024-11-03 00:00:00,143.9
2024-11-03 12:00:00,30.9
2024-11-03 13:00:00,89.8
2024-11-03 14:00:00,69.4
2024-11-03 15:00:00,355.40000000000003
2024-11-03 16:00:00,368.6
2024-11-03 17:00:00,363.7
2024-11-03 18:00:00,214.1
2024-11-03 19:00:00,239.1
2024-11-03 20:00:00,97.7
2024-11-03 21:00:00,110.60000000000001
2024-11-03 22:00:00,117.8
2024-11-03 23:00:00,10.0
2024-11-06 13:00:00,27.9
2024-11-06 14:00:00,58.8
2024-11-06 15:00:00,26.200000000000003
2024-11-06 16:00:00,92.5
2024-11-06 17:00:00,92.2
2024-11-06 18:00:00,89.0
2024-11-06 19:00:00,143.5
2024-11-06 20:00:00,62.8
2024-11-06 21:00:00,51.800000000000004
2024-11-06 22:00:00,71.8
2024-11-06 23:00:00,27.8
2024-11-07 13:00:00,14.2
2024-11-07 14:00:00,6.2
2024-11-07 15:00:00,60.6
2024-11-07 16:00:00,119.7
2024-11-07 17:00:00,68.4
2024-11-07 18:00:00,47.6
2024-11-07 19:00:00,94.19999999999999
2024-11-07 20:00:00,76.4
2024-11-07 21:00:00,41.2
2024-11-07 22:00:00,72.6
2024-11-07 23:00:00,9.9
2024-11-08 12:00:00,14.8
2024-11-08 14:00:00,18.5
2024-11-08 15:00:00,33.8
2024-11-08 16:00:00,84.8
2024-11-08 17:00:00,126.4
2024-11-08 18:00:00,125.1
2024-11-08 19:00:00,144.0
2024-11-08 20:00:00,61.3
2024-11-08 21:00:00,134.2
2024-11-08 22:00:00,203.3
2024-11-08 23:00:00,97.2
2024-11-09 00:00:00,13.6
2024-11-09 11:00:00,48.0
2024-11-09 12:00:00,12.8
2024-11-09 13:00:00,11.1
2024-11-09 14:00:00,70.0
2024-11-09 15:00:00,231.4
2024-11-09 16:00:00,184.9
2024-11-09 17:00:00,240.3
2024-11-09 18:00:00,179.1
2024-11-09 19:00:00,200.6
2024-11-09 20:00:00,129.1
2024-11-09 21:00:00,131.9
2024-11-09 22:00:00,228.5
2024-11-09 23:00:00,228.0
2024-11-10 00:00:00,47.7
2024-11-10 13:00:00,54.5
2024-11-10 14:00:00,53.4
2024-11-10 15:00:00,141.0
2024-11-10 16:00:00,97.8
2024-11-10 17:00:00,127.9
2024-11-10 18:00:00,98.8
2024-11-10 19:00:00,118.2
2024-11-10 20:00:00,83.1
2024-11-10 21:00:00,39.0
2024-11-10 22:00:00,136.3
2024-11-10 23:00:00,16.7
2024-11-11 14:00:00,18.0
2024-11-11 15:00:00,12.5
2024-11-11 16:00:00,36.6
2024-11-11 17:00:00,37.2
2024-11-11 18:00:00,78.0
2024-11-11 19:00:00,45.2
2024-11-11 20:00:00,27.2
2024-11-11 21:00:00,17.8
2024-11-11 22:00:00,37.2
2024-11-11 23:00:00,11.1
2024-11-13 13:00:00,21.1
2024-11-13 14:00:00,53.1
2024-11-13 15:00:00,14.8
2024-11-13 16:00:00,37.4
2024-11-13 17:00:00,41.4
2024-11-13 18:00:00,141.1
2024-11-13 19:00:00,59.4
2024-11-13 20:00:00,55.4
2024-11-13 21:00:00,19.4
2024-11-13 22:00:00,23.5
2024-11-13 23:00:00,4.5
2024-11-14 12:00:00,7.1
2024-11-14 13:00:00,28.8
2024-11-14 14:00:00,14.4
2024-11-14 15:00:00,71.2
2024-11-14 16:00:00,20.3
2024-11-14 17:00:00,35.1
2024-11-14 18:00:00,123.30000000000001
2024-11-14 19:00:00,61.3
2024-11-14 20:00:00,32.0
2024-11-14 21:00:00,44.1
2024-11-14 22:00:00,30.8
2024-11-15 12:00:00,34.0
2024-11-15 13:00:00,30.9
2024-11-15 14:00:00,25.1
2024-11-15 15:00:00,53.0
2024-11-15 16:00:00,84.6
2024-11-15 17:00:00,69.4
2024-11-15 18:00:00,190.6
2024-11-15 19:00:00,128.9
2024-11-15 20:00:00,157.8
2024-11-15 21:00:00,181.7
2024-11-15 22:00:00,289.5
2024-11-15 23:00:00,176.8
2024-11-16 00:00:00,54.1
2024-11-16 12:00:00,17.0
2024-11-16 13:00:00,35.5
2024-11-16 14:00:00,109.0
2024-11-16 15:00:00,301.8
2024-11-16 16:00:00,307.90000000000003
2024-11-16 17:00:00,294.5
2024-11-16 18:00:00,179.4
2024-11-16 19:00:00,336.8
2024-11-16 20:00:00,137.4
2024-11-16 21:00:00,246.5
2024-11-16 22:00:00,354.3
2024-11-16 23:00:00,148.4
2024-11-17 00:00:00,34.4
2024-11-17 12:00:00,12.0
2024-11-17 13:00:00,42.8
2024-11-17 14:00:00,81.6
2024-11-17 15:00:00,104.3
2024-11-17 16:00:00,162.9
2024-11-17 17:00:00,224.2
2024-11-17 18:00:00,209.8
2024-11-17 19:00:00,136.5
2024-11-17 20:00:00,208.4
2024-11-17 21:00:00,104.8
2024-11-17 22:00:00,84.2
2024-11-17 23:00:00,18.7
2024-11-21 12:00:00,13.2
2024-11-21 13:00:00,20.1
2024-11-21 14:00:00,26.6
2024-11-21 15:00:00,51.8
2024-11-21 16:00:00,4.8
2024-11-21 17:00:00,27.5
2024-11-21 18:00:00,3.7
2024-11-21 19:00:00,9.9
2024-11-21 20:00:00,12.0
2024-11-21 21:00:00,10.0
2024-11-22 12:00:00,31.799999999999997
2024-11-22 14:00:00,15.6
2024-11-22 15:00:00,30.1
2024-11-22 16:00:00,81.9
2024-11-22 17:00:00,65.2
2024-11-22 18:00:00,145.2
2024-11-22 19:00:00,131.9
2024-11-22 20:00:00,183.3
2024-11-22 21:00:00,44.6
2024-11-22 22:00:00,69.9
2024-11-22 23:00:00,82.9
2024-11-23 00:00:00,85.1
2024-11-23 12:00:00,3.7
2024-11-23 13:00:00,21.700000000000003
2024-11-23 14:00:00,24.8
2024-11-23 15:00:00,130.8
2024-11-23 16:00:00,158.2
2024-11-23 17:00:00,68.0
2024-11-23 18:00:00,135.3
2024-11-23 19:00:00,140.1
2024-11-23 20:00:00,92.8
2024-11-23 21:00:00,146.7
2024-11-23 22:00:00,168.0
2024-11-23 23:00:00,160.4
2024-11-24 00:00:00,45.4
2024-11-24 12:00:00,32.9
2024-11-24 13:00:00,44.0
2024-11-24 14:00:00,76.7
2024-11-24 15:00:00,224.3
2024-11-24 16:00:00,335.2
2024-11-24 17:00:00,151.6
2024-11-24 18:00:00,303.3
2024-11-24 19:00:00,206.1
2024-11-24 20:00:00,173.20000000000002
2024-11-24 21:00:00,119.5
2024-11-24 22:00:00,66.7
2024-11-24 23:00:00,32.1
2024-11-25 13:00:00,3.1
2024-11-25 14:00:00,25.9
2024-11-25 15:00:00,27.499999999999996
2024-11-25 16:00:00,78.7
2024-11-25 17:00:00,92.8
2024-11-25 18:00:00,107.1
2024-11-25 19:00:00,67.19999999999999
2024-11-25 20:00:00,26.1
2024-11-25 21:00:00,90.5
2024-11-25 22:00:00,65.6
2024-11-25 23:00:00,3.7
2024-11-27 12:00:00,4.5
2024-11-27 13:00:00,15.9
2024-11-27 14:00:00,72.0
2024-11-27 15:00:00,86.8
2024-11-27 16:00:00,109.5
2024-11-27 17:00:00,84.3
2024-11-27 18:00:00,156.7
2024-11-27 19:00:00,125.3
2024-11-27 20:00:00,53.1
2024-11-27 21:00:00,10.0
2024-11-27 22:00:00,24.8
2024-11-27 23:00:00,38.5
2024-11-28 13:00:00,8.9
2024-11-28 14:00:00,8.2
2024-11-28 15:00:00,61.300000000000004
2024-11-28 16:00:00,84.7
2024-11-28 17:00:00,103.5
2024-11-28 18:00:00,57.300000000000004
2024-11-28 19:00:00,66.8
2024-11-28 20:00:00,113.9
2024-11-28 21:00:00,42.0
2024-11-28 22:00:00,121.0
2024-11-28 23:00:00,62.6
2024-11-29 12:00:00,13.1
2024-11-29 13:00:00,10.5
2024-11-29 14:00:00,40.4
2024-11-29 15:00:00,78.8
2024-11-29 16:00:00,50.1
2024-11-29 17:00:00,159.6
2024-11-29 18:00:00,142.0
2024-11-29 19:00:00,106.6
2024-11-29 20:00:00,208.6
2024-11-29 21:00:00,115.7
2024-11-29 22:00:00,245.5
2024-11-29 23:00:00,167.4
2024-11-30 00:00:00,59.0
2024-11-30 01:00:00,22.2
2024-11-30 12:00:00,6.2
2024-11-30 13:00:00,19.4
2024-11-30 14:00:00,34.3
2024-11-30 15:00:00,210.4
2024-11-30 16:00:00,268.6
2024-11-30 17:00:00,315.2
2024-11-30 18:00:00,252.4
2024-11-30 19:00:00,173.8
2024-11-30 20:00:00,174.4
2024-11-30 21:00:00,235.4
2024-11-30 22:00:00,301.6
2024-11-30 23:00:00,306.7
2024-12-01 00:00:00,163.4
2024-12-01 12:00:00,47.0
2024-12-01 13:00:00,34.9
2024-12-01 14:00:00,74.1
2024-12-01 15:00:00,289.0
2024-12-01 16:00:00,334.90000000000003
2024-12-01 17:00:00,271.9
2024-12-01 18:00:00,210.7
2024-12-01 19:00:00,155.3
2024-12-01 20:00:00,156.1
2024-12-01 21:00:00,144.1
2024-12-01 22:00:00,116.9
2024-12-01 23:00:00,9.9
2024-12-02 13:00:00,11.8
2024-12-02 14:00:00,23.2
2024-12-02 15:00:00,43.8
2024-12-02 16:00:00,10.3
2024-12-02 17:00:00,13.399999999999999
2024-12-02 18:00:00,32.8
2024-12-02 19:00:00,31.8
2024-12-02 20:00:00,2.5
2024-12-02 21:00:00,19.2
2024-12-02 22:00:00,32.8
2024-12-04 12:00:00,3.1
2024-12-04 13:00:00,12.7
2024-12-04 14:00:00,14.0
2024-12-04 15:00:00,35.1
2024-12-04 16:00:00,85.7
2024-12-04 17:00:00,95.0
2024-12-04 18:00:00,102.8
2024-12-04 19:00:00,35.6
2024-12-04 20:00:00,29.9
2024-12-04 21:00:00,70.7
2024-12-04 22:00:00,77.9
2024-12-04 23:00:00,12.4
2024-12-05 13:00:00,11.5
2024-12-05 14:00:00,24.9
2024-12-05 15:00:00,49.0
2024-12-05 16:00:00,33.8
2024-12-05 17:00:00,51.800000000000004
2024-12-05 18:00:00,174.7
2024-12-05 19:00:00,301.7
2024-12-05 20:00:00,352.6
2024-12-05 21:00:00,353.0
2024-12-05 22:00:00,203.4
2024-12-05 23:00:00,163.9
2024-12-06 00:00:00,29.8
2024-12-06 13:00:00,58.0
2024-12-06 14:00:00,25.7
2024-12-06 15:00:00,158.4
2024-12-06 16:00:00,234.1
2024-12-06 17:00:00,369.0
2024-12-06 18:00:00,333.1
2024-12-06 19:00:00,491.2
2024-12-06 20:00:00,309.8
2024-12-06 21:00:00,293.2
2024-12-06 22:00:00,358.8
2024-12-06 23:00:00,278.9
2024-12-07 00:00:00,130.5
2024-12-07 13:00:00,16.3
2024-12-07 14:00:00,30.9
2024-12-07 15:00:00,80.3
2024-12-07 16:00:00,54.0
2024-12-07 17:00:00,57.8
2024-12-07 18:00:00,56.0
2024-12-07 19:00:00,168.1
2024-12-07 20:00:00,65.9
2024-12-07 21:00:00,27.9
2024-12-07 22:00:00,162.70000000000002
2024-12-07 23:00:00,78.4
2024-12-08 00:00:00,6.6
2024-12-08 14:00:00,24.4
2024-12-08 15:00:00,58.2
2024-12-08 16:00:00,50.0
2024-12-08 17:00:00,4.1
2024-12-08 18:00:00,50.4
2024-12-08 19:00:00,46.5
2024-12-08 20:00:00,74.5
2024-12-08 21:00:00,44.1
2024-12-08 22:00:00,15.2
2024-12-08 23:00:00,20.6
2024-12-09 13:00:00,3.1
2024-12-09 14:00:00,39.3
2024-12-09 15:00:00,32.7
2024-12-09 16:00:00,16.2
2024-12-09 17:00:00,62.1
2024-12-09 18:00:00,97.7
2024-12-09 19:00:00,64.1
2024-12-09 20:00:00,14.1
2024-12-09 21:00:00,37.099999999999994
2024-12-09 22:00:00,9.7
2024-12-11 12:00:00,10.0
2024-12-11 13:00:00,5.6
2024-12-11 14:00:00,3.1
2024-12-11 15:00:00,38.1
2024-12-11 16:00:00,4.6
2024-12-11 17:00:00,102.0
2024-12-11 18:00:00,34.599999999999994
2024-12-11 19:00:00,86.4
2024-12-11 20:00:00,20.8
2024-12-11 21:00:00,27.400000000000002
2024-12-11 22:00:00,36.8
2024-12-11 23:00:00,3.1
2024-12-12 12:00:00,3.1
2024-12-12 13:00:00,32.0
2024-12-12 14:00:00,9.9
2024-12-12 15:00:00,67.8
2024-12-12 16:00:00,47.9
2024-12-12 17:00:00,59.2
2024-12-12 18:00:00,67.7
2024-12-12 19:00:00,85.89999999999999
2024-12-12 20:00:00,61.1
2024-12-12 21:00:00,10.5
2024-12-12 22:00:00,69.6
2024-12-12 23:00:00,3.7
2024-12-13 12:00:00,43.3
2024-12-13 13:00:00,29.5
2024-12-13 14:00:00,20.1
2024-12-13 15:00:00,17.4
2024-12-13 16:00:00,43.2
2024-12-13 17:00:00,101.7
2024-12-13 18:00:00,130.1
2024-12-13 19:00:00,144.2
2024-12-13 20:00:00,95.7
2024-12-13 21:00:00,68.9
2024-12-13 22:00:00,114.5
2024-12-13 23:00:00,111.9
2024-12-14 00:00:00,30.4
2024-12-14 12:00:00,47.0
2024-12-14 13:00:00,10.8
2024-12-14 14:00:00,24.3
2024-12-14 15:00:00,51.199999999999996
2024-12-14 16:00:00,54.3
2024-12-14 17:00:00,79.6
2024-12-14 18:00:00,166.7
2024-12-14 19:00:00,150.0
2024-12-14 20:00:00,186.9
2024-12-14 21:00:00,117.2
2024-12-14 22:00:00,74.9
2024-12-14 23:00:00,57.1
2024-12-15 00:00:00,15.600000000000001
2024-12-15 12:00:00,3.8
2024-12-15 13:00:00,36.1
2024-12-15 14:00:00,6.4
2024-12-15 15:00:00,144.5
2024-12-15 16:00:00,137.0
2024-12-15 17:00:00,230.5
2024-12-15 18:00:00,228.9
2024-12-15 19:00:00,280.4
2024-12-15 20:00:00,151.4
2024-12-15 21:00:00,123.7
2024-12-15 22:00:00,89.3
2024-12-15 23:00:00,16.5
2024-12-16 12:00:00,6.4
2024-12-16 13:00:00,3.1
2024-12-16 14:00:00,17.1
2024-12-16 15:00:00,54.4
2024-12-16 16:00:00,51.2
2024-12-16 17:00:00,63.50000000000001
2024-12-16 18:00:00,50.7
2024-12-16 19:00:00,45.9
2024-12-16 20:00:00,62.7
2024-12-16 21:00:00,28.6
2024-12-16 22:00:00,25.8
2024-12-18 12:00:00,4.6
2024-12-18 13:00:00,17.9
2024-12-18 14:00:00,6.2
2024-12-18 15:00:00,40.1
2024-12-18 16:00:00,19.2
2024-12-18 17:00:00,95.3
2024-12-18 18:00:00,58.6
2024-12-18 19:00:00,98.4
2024-12-18 20:00:00,37.900000000000006
2024-12-18 21:00:00,58.6
2024-12-18 22:00:00,132.0
2024-12-18 23:00:00,21.7
2024-12-19 12:00:00,3.1
2024-12-19 13:00:00,6.5
2024-12-19 15:00:00,9.7
2024-12-19 16:00:00,17.3
2024-12-19 17:00:00,71.3
2024-12-19 18:00:00,37.0
2024-12-19 19:00:00,55.2
2024-12-19 20:00:00,32.699999999999996
2024-12-19 21:00:00,35.6
2024-12-19 22:00:00,61.4
2024-12-20 12:00:00,14.5
2024-12-20 13:00:00,6.4
2024-12-20 14:00:00,10.9
2024-12-20 15:00:00,16.6
2024-12-20 16:00:00,18.8
2024-12-20 17:00:00,40.400000000000006
2024-12-20 18:00:00,83.0
2024-12-20 19:00:00,198.7
2024-12-20 20:00:00,175.8
2024-12-20 21:00:00,64.3
2024-12-20 22:00:00,132.1
2024-12-20 23:00:00,97.6
2024-12-21 00:00:00,70.4
2024-12-21 13:00:00,68.8
2024-12-21 14:00:00,27.2
2024-12-21 15:00:00,96.0
2024-12-21 16:00:00,99.8
2024-12-21 17:00:00,150.8
2024-12-21 18:00:00,222.5
2024-12-21 19:00:00,307.2
2024-12-21 20:00:00,103.8
2024-12-21 21:00:00,233.9
2024-12-21 22:00:00,205.8
2024-12-21 23:00:00,213.6
2024-12-22 00:00:00,59.5
2024-12-22 01:00:00,6.8
2024-12-22 13:00:00,90.9
2024-12-22 14:00:00,24.1
2024-12-22 15:00:00,49.8
2024-12-22 16:00:00,77.8
2024-12-22 17:00:00,50.199999999999996
2024-12-22 18:00:00,155.9
2024-12-22 19:00:00,93.6
2024-12-22 20:00:00,52.1
2024-12-22 21:00:00,63.2
2024-12-22 22:00:00,94.60000000000001
2024-12-22 23:00:00,41.4
2024-12-23 13:00:00,51.3
2024-12-23 14:00:00,6.800000000000001
2024-12-23 15:00:00,61.300000000000004
2024-12-23 16:00:00,125.6
2024-12-23 17:00:00,78.8
2024-12-23 18:00:00,245.2
2024-12-23 19:00:00,313.7
2024-12-23 20:00:00,298.2
2024-12-23 21:00:00,135.5
2024-12-23 22:00:00,111.7
2024-12-23 23:00:00,140.8
2024-12-24 12:00:00,20.0
2024-12-24 13:00:00,67.2
2024-12-24 14:00:00,14.1
2024-12-24 15:00:00,47.7
2024-12-24 16:00:00,128.2
2024-12-24 17:00:00,123.9
2024-12-24 18:00:00,136.0
2024-12-24 19:00:00,146.1
2024-12-24 20:00:00,27.4
2024-12-25 11:00:00,35.3
2024-12-25 12:00:00,73.3
2024-12-25 13:00:00,185.2
2024-12-25 14:00:00,124.4
2024-12-25 15:00:00,17.4
2024-12-25 17:00:00,97.60000000000001
2024-12-25 18:00:00,132.2
2024-12-25 19:00:00,205.3
2024-12-25 20:00:00,149.6
2024-12-25 21:00:00,120.7
2024-12-25 22:00:00,17.7
2024-12-25 23:00:00,6.7
2024-12-26 12:00:00,3.7
2024-12-26 13:00:00,68.2
2024-12-26 14:00:00,33.2
2024-12-26 15:00:00,59.7
2024-12-26 16:00:00,97.5
2024-12-26 17:00:00,80.0
2024-12-26 18:00:00,108.7
2024-12-26 19:00:00,140.4
2024-12-26 20:00:00,135.2
2024-12-26 21:00:00,171.1
2024-12-26 22:00:00,129.5
2024-12-26 23:00:00,116.4
2024-12-27 12:00:00,24.3
2024-12-27 13:00:00,68.5
2024-12-27 14:00:00,73.2
2024-12-27 15:00:00,174.4
2024-12-27 16:00:00,223.9
2024-12-27 17:00:00,242.9
2024-12-27 18:00:00,168.1
2024-12-27 19:00:00,63.8
2024-12-27 20:00:00,174.3
2024-12-27 21:00:00,99.10000000000001
2024-12-27 22:00:00,245.9
2024-12-27 23:00:00,142.0
2024-12-28 00:00:00,65.8
2024-12-28 13:00:00,144.5
2024-12-28 14:00:00,82.1
2024-12-28 15:00:00,102.5
2024-12-28 16:00:00,229.8
2024-12-28 17:00:00,165.0
2024-12-28 18:00:00,198.3
2024-12-28 19:00:00,198.9
2024-12-28 20:00:00,183.0
2024-12-28 21:00:00,189.2
2024-12-28 22:00:00,289.3
2024-12-28 23:00:00,215.20000000000002
2024-12-29 00:00:00,95.5
2024-12-29 12:00:00,11.8
2024-12-29 13:00:00,96.5
2024-12-29 14:00:00,118.2
2024-12-29 15:00:00,254.70000000000002
2024-12-29 16:00:00,401.7
2024-12-29 17:00:00,237.70000000000002
2024-12-29 18:00:00,296.7
2024-12-29 19:00:00,175.1
2024-12-29 20:00:00,211.2
2024-12-29 21:00:00,134.7
2024-12-29 22:00:00,151.1
2024-12-29 23:00:00,41.6
2024-12-30 12:00:00,40.0
2024-12-30 13:00:00,9.3
2024-12-30 14:00:00,67.1
2024-12-30 15:00:00,103.2
2024-12-30 16:00:00,264.9
2024-12-30 17:00:00,210.5
2024-12-30 18:00:00,251.4
2024-12-30 19:00:00,85.1
2024-12-30 20:00:00,192.20000000000002
2024-12-30 21:00:00,193.1
2024-12-30 22:00:00,177.0
2024-12-30 23:00:00,22.4
2024-12-31 12:00:00,75.6
2024-12-31 13:00:00,69.5
2024-12-31 14:00:00,77.0
2024-12-31 15:00:00,375.9
2024-12-31 16:00:00,306.2
2024-12-31 17:00:00,84.39999999999999
2024-12-31 18:00:00,132.8
2024-12-31 19:00:00,270.0
2024-12-31 20:00:00,12.0
