datetime,ventas
2025-01-01 12:00:00,64.7
2025-01-01 13:00:00,265.4
2025-01-01 14:00:00,376.6
2025-01-01 15:00:00,202.8
2025-01-01 16:00:00,278.9
2025-01-01 17:00:00,264.9
2025-01-01 18:00:00,376.7
2025-01-01 19:00:00,355.8
2025-01-01 20:00:00,243.2
2025-01-01 21:00:00,147.9
2025-01-01 22:00:00,107.10000000000001
2025-01-01 23:00:00,17.8
2025-01-02 12:00:00,18.6
2025-01-02 13:00:00,3.1
2025-01-02 14:00:00,23.4
2025-01-02 15:00:00,58.4
2025-01-02 16:00:00,94.1
2025-01-02 17:00:00,118.89999999999999
2025-01-02 18:00:00,238.6
2025-01-02 19:00:00,289.1
2025-01-02 20:00:00,219.1
2025-01-02 21:00:00,173.6
2025-01-02 22:00:00,164.4
2025-01-02 23:00:00,116.1
2025-01-03 12:00:00,37.1
2025-01-03 14:00:00,9.8
2025-01-03 15:00:00,14.7
2025-01-03 16:00:00,6.300000000000001
2025-01-03 17:00:00,60.4
2025-01-03 18:00:00,171.1
2025-01-03 19:00:00,256.0
2025-01-03 20:00:00,166.4
2025-01-03 21:00:00,42.2
2025-01-03 22:00:00,133.3
2025-01-03 23:00:00,166.2
2025-01-04 00:00:00,71.4
2025-01-04 12:00:00,5.9
2025-01-04 13:00:00,22.0
2025-01-04 14:00:00,43.300000000000004
2025-01-04 15:00:00,96.5
2025-01-04 16:00:00,186.3
2025-01-04 17:00:00,80.2
2025-01-04 18:00:00,280.1
2025-01-04 19:00:00,172.8
2025-01-04 20:00:00,245.9
2025-01-04 21:00:00,173.8
2025-01-04 22:00:00,242.9
2025-01-04 23:00:00,180.3
2025-01-05 00:00:00,85.3
2025-01-05 01:00:00,38.2
2025-01-05 12:00:00,14.799999999999999
2025-01-05 13:00:00,6.2
2025-01-05 14:00:00,66.3
2025-01-05 15:00:00,42.7
2025-01-05 16:00:00,177.4
2025-01-05 17:00:00,231.5
2025-01-05 18:00:00,339.8
2025-01-05 19:00:00,190.2
2025-01-05 20:00:00,264.9
2025-01-05 21:00:00,229.0
2025-01-05 22:00:00,127.39999999999999
2025-01-05 23:00:00,96.0
2025-01-06 12:00:00,10.0
2025-01-06 13:00:00,51.1
2025-01-06 14:00:00,36.9
2025-01-06 15:00:00,47.9
2025-01-06 16:00:00,52.8
2025-01-06 17:00:00,34.4
2025-01-06 18:00:00,45.2
2025-01-06 19:00:00,72.4
2025-01-06 20:00:00,84.3
2025-01-06 21:00:00,64.0
2025-01-06 22:00:00,49.1
2025-01-06 23:00:00,27.7
2025-01-07 12:00:00,5.1
2025-01-07 13:00:00,12.4
2025-01-07 14:00:00,27.0
2025-01-07 15:00:00,9.9
2025-01-07 16:00:00,36.1
2025-01-07 17:00:00,44.800000000000004
2025-01-07 18:00:00,89.7
2025-01-07 19:00:00,104.6
2025-01-07 20:00:00,41.8
2025-01-07 21:00:00,7.7
2025-01-07 22:00:00,24.8
2025-01-09 14:00:00,2.6
2025-01-09 16:00:00,22.7
2025-01-09 17:00:00,8.600000000000001
2025-01-09 18:00:00,29.8
2025-01-09 19:00:00,98.60000000000001
2025-01-09 20:00:00,19.8
2025-01-09 21:00:00,23.6
2025-01-09 22:00:00,14.4
2025-01-09 23:00:00,17.0
2025-01-10 12:00:00,10.0
2025-01-10 14:00:00,20.4
2025-01-10 15:00:00,14.200000000000001
2025-01-10 16:00:00,40.4
2025-01-10 17:00:00,78.0
2025-01-10 18:00:00,92.1
2025-01-10 19:00:00,130.8
2025-01-10 20:00:00,60.800000000000004
2025-01-10 21:00:00,51.400000000000006
2025-01-10 22:00:00,99.5
2025-01-10 23:00:00,101.7
2025-01-11 00:00:00,32.0
2025-01-11 12:00:00,50.9
2025-01-11 13:00:00,65.0
2025-01-11 14:00:00,24.6
2025-01-11 15:00:00,66.3
2025-01-11 16:00:00,85.0
2025-01-11 17:00:00,68.3
2025-01-11 18:00:00,133.4
2025-01-11 19:00:00,310.8
2025-01-11 20:00:00,97.0
2025-01-11 21:00:00,139.3
2025-01-11 22:00:00,142.2
2025-01-11 23:00:00,142.0
2025-01-12 00:00:00,26.7
2025-01-12 12:00:00,3.7
2025-01-12 13:00:00,35.7
2025-01-12 14:00:00,94.8
2025-01-12 15:00:00,145.6
2025-01-12 16:00:00,230.4
2025-01-12 17:00:00,135.3
2025-01-12 18:00:00,138.6
2025-01-12 19:00:00,196.2
2025-01-12 20:00:00,90.7
2025-01-12 21:00:00,22.1
2025-01-12 22:00:00,11.7
2025-01-12 23:00:00,12.7
2025-01-13 12:00:00,1.8
2025-01-13 13:00:00,26.5
2025-01-13 14:00:00,7.9
2025-01-13 15:00:00,32.800000000000004
2025-01-13 16:00:00,27.9
2025-01-13 17:00:00,53.8
2025-01-13 18:00:00,76.8
2025-01-13 19:00:00,135.1
2025-01-13 20:00:00,19.700000000000003
2025-01-13 21:00:00,27.200000000000003
2025-01-13 22:00:00,28.4
2025-01-13 23:00:00,16.6
2025-01-15 12:00:00,6.0
2025-01-15 13:00:00,3.7
2025-01-15 14:00:00,21.6
2025-01-15 15:00:00,28.700000000000003
2025-01-15 16:00:00,31.6
2025-01-15 17:00:00,81.5
2025-01-15 18:00:00,47.3
2025-01-15 19:00:00,117.2
2025-01-15 20:00:00,20.200000000000003
2025-01-15 21:00:00,32.8
2025-01-15 22:00:00,21.2
2025-01-15 23:00:00,17.2
2025-01-16 14:00:00,5.7
2025-01-16 15:00:00,27.9
2025-01-16 16:00:00,49.9
2025-01-16 17:00:00,84.6
2025-01-16 18:00:00,75.2
2025-01-16 19:00:00,95.2
2025-01-16 20:00:00,51.1
2025-01-16 21:00:00,3.5
2025-01-16 22:00:00,40.4
2025-01-16 23:00:00,1.8
2025-01-17 12:00:00,10.0
2025-01-17 13:00:00,5.6
2025-01-17 14:00:00,39.0
2025-01-17 15:00:00,54.0
2025-01-17 16:00:00,64.8
2025-01-17 17:00:00,89.60000000000001
2025-01-17 18:00:00,227.7
2025-01-17 19:00:00,152.0
2025-01-17 20:00:00,162.0
2025-01-17 21:00:00,69.3
2025-01-17 22:00:00,112.5
2025-01-17 23:00:00,91.5
2025-01-18 00:00:00,2.4
2025-01-18 12:00:00,18.9
2025-01-18 13:00:00,11.3
2025-01-18 14:00:00,32.0
2025-01-18 15:00:00,232.8
2025-01-18 16:00:00,328.9
2025-01-18 17:00:00,265.9
2025-01-18 18:00:00,333.9
2025-01-18 19:00:00,237.0
2025-01-18 20:00:00,176.1
2025-01-18 21:00:00,151.9
2025-01-18 22:00:00,187.9
2025-01-18 23:00:00,221.4
2025-01-19 00:00:00,13.0
2025-01-19 12:00:00,76.6
2025-01-19 13:00:00,35.8
2025-01-19 14:00:00,80.0
2025-01-19 15:00:00,284.6
2025-01-19 16:00:00,295.2
2025-01-19 17:00:00,165.0
2025-01-19 18:00:00,232.1
2025-01-19 19:00:00,258.9
2025-01-19 20:00:00,71.3
2025-01-19 21:00:00,82.0
2025-01-19 22:00:00,52.2
2025-01-19 23:00:00,13.3
2025-01-20 13:00:00,5.6
2025-01-20 14:00:00,54.7
2025-01-20 15:00:00,13.3
2025-01-20 16:00:00,35.4
2025-01-20 17:00:00,37.5
2025-01-20 18:00:00,95.3
2025-01-20 19:00:00,125.7
2025-01-20 20:00:00,42.2
2025-01-20 21:00:00,8.9
2025-01-20 22:00:00,53.1
2025-01-20 23:00:00,23.9
2025-01-22 11:00:00,3.1
2025-01-22 12:00:00,1.9
2025-01-22 13:00:00,10.899999999999999
2025-01-22 14:00:00,6.699999999999999
2025-01-22 15:00:00,75.1
2025-01-22 16:00:00,125.5
2025-01-22 17:00:00,78.39999999999999
2025-01-22 18:00:00,61.0
2025-01-22 19:00:00,122.6
2025-01-22 20:00:00,113.7
2025-01-22 21:00:00,19.3
2025-01-22 22:00:00,31.6
2025-01-23 14:00:00,5.7
2025-01-23 15:00:00,56.7
2025-01-23 16:00:00,22.6
2025-01-23 17:00:00,62.1
2025-01-23 18:00:00,161.4
2025-01-23 19:00:00,126.7
2025-01-23 20:00:00,66.10000000000001
2025-01-23 21:00:00,61.3
2025-01-23 22:00:00,56.8
2025-01-23 23:00:00,17.3
2025-01-24 12:00:00,10.0
2025-01-24 13:00:00,20.7
2025-01-24 14:00:00,21.0
2025-01-24 15:00:00,8.7
2025-01-24 16:00:00,33.4
2025-01-24 17:00:00,90.30000000000001
2025-01-24 18:00:00,62.5
2025-01-24 19:00:00,113.10000000000001
2025-01-24 20:00:00,50.4
2025-01-24 21:00:00,93.8
2025-01-24 22:00:00,99.3
2025-01-24 23:00:00,120.4
2025-01-25 00:00:00,43.9
2025-01-25 01:00:00,7.5
2025-01-25 13:00:00,5.5
2025-01-25 14:00:00,52.5
2025-01-25 15:00:00,54.1
2025-01-25 16:00:00,183.1
2025-01-25 17:00:00,96.60000000000001
2025-01-25 18:00:00,195.1
2025-01-25 19:00:00,83.2
2025-01-25 20:00:00,71.5
2025-01-25 21:00:00,64.6
2025-01-25 22:00:00,135.8
2025-01-25 23:00:00,68.9
2025-01-26 00:00:00,66.6
2025-01-26 14:00:00,25.5
2025-01-26 15:00:00,93.0
2025-01-26 16:00:00,51.2
2025-01-26 17:00:00,101.2
2025-01-26 18:00:00,148.2
2025-01-26 19:00:00,109.5
2025-01-26 20:00:00,82.3
2025-01-26 21:00:00,77.80000000000001
2025-01-26 22:00:00,112.0
2025-01-26 23:00:00,1.8
2025-01-27 12:00:00,33.9
2025-01-27 13:00:00,6.2
2025-01-27 14:00:00,14.799999999999999
2025-01-27 15:00:00,21.2
2025-01-27 16:00:00,6.2
2025-01-27 17:00:00,8.8
2025-01-27 18:00:00,47.8
2025-01-27 19:00:00,41.8
2025-01-27 20:00:00,67.5
2025-01-27 21:00:00,22.2
2025-01-27 22:00:00,16.3
2025-01-29 14:00:00,6.2
2025-01-29 15:00:00,44.900000000000006
2025-01-29 16:00:00,32.1
2025-01-29 17:00:00,100.9
2025-01-29 18:00:00,158.8
2025-01-29 19:00:00,115.6
2025-01-29 20:00:00,29.5
2025-01-29 21:00:00,36.3
2025-01-29 22:00:00,41.8
2025-01-29 23:00:00,26.8
2025-01-30 15:00:00,6.1
2025-01-30 16:00:00,5.7
2025-01-30 17:00:00,81.5
2025-01-30 18:00:00,52.5
2025-01-30 19:00:00,60.8
2025-01-30 20:00:00,75.9
2025-01-30 22:00:00,88.6
2025-01-30 23:00:00,5.4
2025-01-31 12:00:00,7.4
2025-01-31 13:00:00,51.5
2025-01-31 14:00:00,54.7
2025-01-31 15:00:00,85.60000000000001
2025-01-31 16:00:00,99.3
2025-01-31 17:00:00,123.9
2025-01-31 18:00:00,168.7
2025-01-31 19:00:00,229.4
2025-01-31 20:00:00,86.4
2025-01-31 21:00:00,59.0
2025-01-31 22:00:00,122.9
2025-01-31 23:00:00,105.2
2025-02-01 00:00:00,31.5
2025-02-01 13:00:00,25.1
2025-02-01 14:00:00,84.1
2025-02-01 15:00:00,109.1
2025-02-01 16:00:00,119.2
2025-02-01 17:00:00,88.2
2025-02-01 18:00:00,172.6
2025-02-01 19:00:00,293.4
2025-02-01 20:00:00,118.3
2025-02-01 21:00:00,93.4
2025-02-01 22:00:00,175.3
2025-02-01 23:00:00,149.0
2025-02-02 00:00:00,64.3
2025-02-02 12:00:00,8.0
2025-02-02 13:00:00,30.6
2025-02-02 14:00:00,40.5
2025-02-02 15:00:00,41.699999999999996
2025-02-02 16:00:00,88.8
2025-02-02 17:00:00,57.800000000000004
2025-02-02 18:00:00,114.0
2025-02-02 19:00:00,107.1
2025-02-02 20:00:00,130.0
2025-02-02 21:00:00,42.599999999999994
2025-02-02 22:00:00,47.5
2025-02-02 23:00:00,45.0
2025-02-03 13:00:00,27.0
2025-02-03 14:00:00,6.300000000000001
2025-02-03 15:00:00,6.800000000000001
2025-02-03 16:00:00,90.7
2025-02-03 17:00:00,62.6
2025-02-03 18:00:00,217.5
2025-02-03 19:00:00,35.6
2025-02-03 20:00:00,46.099999999999994
2025-02-03 21:00:00,12.2
2025-02-03 22:00:00,54.1
2025-02-03 23:00:00,28.3
2025-02-05 13:00:00,7.199999999999999
2025-02-05 14:00:00,24.7
2025-02-05 15:00:00,60.0
2025-02-05 16:00:00,57.3
2025-02-05 17:00:00,92.7
2025-02-05 18:00:00,109.0
2025-02-05 19:00:00,215.3
2025-02-05 20:00:00,36.3
2025-02-05 21:00:00,24.700000000000003
2025-02-05 22:00:00,86.0
2025-02-05 23:00:00,30.4
2025-02-06 13:00:00,6.2
2025-02-06 14:00:00,3.7
2025-02-06 15:00:00,36.6
2025-02-06 16:00:00,34.1
2025-02-06 17:00:00,35.7
2025-02-06 18:00:00,112.2
2025-02-06 19:00:00,43.6
2025-02-06 20:00:00,71.7
2025-02-06 22:00:00,77.1
2025-02-07 12:00:00,10.0
2025-02-07 13:00:00,8.0
2025-02-07 14:00:00,14.6
2025-02-07 15:00:00,17.4
2025-02-07 17:00:00,47.0
2025-02-07 18:00:00,42.8
2025-02-07 19:00:00,89.2
2025-02-07 20:00:00,7.4
2025-02-07 21:00:00,78.9
2025-02-07 22:00:00,71.8
2025-02-07 23:00:00,80.9
2025-02-08 13:00:00,11.2
2025-02-08 14:00:00,53.900000000000006
2025-02-08 15:00:00,160.7
2025-02-08 16:00:00,174.5
2025-02-08 17:00:00,123.1
2025-02-08 18:00:00,326.4
2025-02-08 19:00:00,263.3
2025-02-08 20:00:00,279.6
2025-02-08 21:00:00,135.1
2025-02-08 22:00:00,216.3
2025-02-08 23:00:00,178.4
2025-02-09 00:00:00,15.100000000000001
2025-02-09 12:00:00,3.1
2025-02-09 13:00:00,79.5
2025-02-09 14:00:00,62.2
2025-02-09 15:00:00,209.8
2025-02-09 16:00:00,239.8
2025-02-09 17:00:00,201.2
2025-02-09 18:00:00,176.6
2025-02-09 19:00:00,319.1
2025-02-09 20:00:00,90.4
2025-02-09 21:00:00,104.7
2025-02-09 22:00:00,115.8
2025-02-09 23:00:00,19.3
2025-02-10 12:00:00,3.7
2025-02-10 13:00:00,16.7
2025-02-10 14:00:00,11.100000000000001
2025-02-10 15:00:00,24.8
2025-02-10 16:00:00,52.0
2025-02-10 17:00:00,19.6
2025-02-10 18:00:00,72.9
2025-02-10 19:00:00,133.6
2025-02-10 20:00:00,62.3
2025-02-10 21:00:00,28.4
2025-02-10 22:00:00,38.2
2025-02-10 23:00:00,3.7
2025-02-12 12:00:00,39.6
2025-02-12 13:00:00,35.2
2025-02-12 14:00:00,60.8
2025-02-12 15:00:00,39.1
2025-02-12 16:00:00,59.9
2025-02-12 17:00:00,131.8
2025-02-12 18:00:00,56.5
2025-02-12 19:00:00,67.4
2025-02-12 20:00:00,48.0
2025-02-12 21:00:00,47.3
2025-02-12 22:00:00,46.5
2025-02-12 23:00:00,6.800000000000001
2025-02-13 14:00:00,2.6
2025-02-13 15:00:00,8.0
2025-02-13 16:00:00,1.5
2025-02-13 17:00:00,47.0
2025-02-13 18:00:00,129.7
2025-02-13 19:00:00,46.7
2025-02-13 20:00:00,82.6
2025-02-13 21:00:00,92.5
2025-02-13 22:00:00,103.9
2025-02-13 23:00:00,67.5
2025-02-14 13:00:00,9.9
2025-02-14 14:00:00,51.1
2025-02-14 15:00:00,109.6
2025-02-14 16:00:00,174.9
2025-02-14 17:00:00,249.1
2025-02-14 18:00:00,264.0
2025-02-14 19:00:00,284.3
2025-02-14 20:00:00,196.4
2025-02-14 21:00:00,189.8
2025-02-14 22:00:00,318.90000000000003
2025-02-14 23:00:00,295.9
2025-02-15 00:00:00,120.80000000000001
2025-02-15 12:00:00,30.400000000000002
2025-02-15 13:00:00,98.4
2025-02-15 14:00:00,74.1
2025-02-15 15:00:00,315.1
2025-02-15 16:00:00,297.0
2025-02-15 17:00:00,305.2
2025-02-15 18:00:00,288.0
2025-02-15 19:00:00,297.1
2025-02-15 20:00:00,129.8
2025-02-15 21:00:00,214.4
2025-02-15 22:00:00,359.6
2025-02-15 23:00:00,301.1
2025-02-16 00:00:00,113.0
2025-02-16 12:00:00,30.6
2025-02-16 13:00:00,64.7
2025-02-16 14:00:00,147.0
2025-02-16 15:00:00,348.5
2025-02-16 16:00:00,302.9
2025-02-16 17:00:00,188.8
2025-02-16 18:00:00,303.8
2025-02-16 19:00:00,312.5
2025-02-16 20:00:00,101.60000000000001
2025-02-16 21:00:00,57.5
2025-02-16 22:00:00,71.9
2025-02-16 23:00:00,19.8
2025-02-17 12:00:00,10.1
2025-02-17 13:00:00,14.600000000000001
2025-02-17 14:00:00,37.0
2025-02-17 15:00:00,75.8
2025-02-17 16:00:00,108.6
2025-02-17 17:00:00,128.4
2025-02-17 18:00:00,106.6
2025-02-17 19:00:00,137.5
2025-02-17 20:00:00,49.1
2025-02-17 21:00:00,76.2
2025-02-17 22:00:00,58.8
2025-02-17 23:00:00,3.1
2025-02-19 12:00:00,31.6
2025-02-19 13:00:00,40.2
2025-02-19 14:00:00,37.5
2025-02-19 15:00:00,83.0
2025-02-19 16:00:00,164.8
2025-02-19 17:00:00,251.8
2025-02-19 18:00:00,158.9
2025-02-19 19:00:00,71.7
2025-02-19 20:00:00,94.5
2025-02-19 21:00:00,70.8
2025-02-19 22:00:00,71.3
2025-02-19 23:00:00,6.2
2025-02-20 13:00:00,11.100000000000001
2025-02-20 14:00:00,55.2
2025-02-20 15:00:00,55.6
2025-02-20 16:00:00,74.4
2025-02-20 17:00:00,132.8
2025-02-20 18:00:00,177.9
2025-02-20 19:00:00,191.7
2025-02-20 20:00:00,50.4
2025-02-20 21:00:00,44.1
2025-02-20 22:00:00,76.2
2025-02-20 23:00:00,18.6
2025-02-21 12:00:00,17.0
2025-02-21 13:00:00,9.0
2025-02-21 14:00:00,19.6
2025-02-21 15:00:00,51.6
2025-02-21 16:00:00,73.1
2025-02-21 17:00:00,101.5
2025-02-21 18:00:00,196.8
2025-02-21 19:00:00,36.8
2025-02-21 20:00:00,104.0
2025-02-21 21:00:00,94.8
2025-02-21 22:00:00,196.8
2025-02-21 23:00:00,64.1
2025-02-22 00:00:00,23.700000000000003
2025-02-22 12:00:00,10.8
2025-02-22 13:00:00,95.10000000000001
2025-02-22 14:00:00,131.5
2025-02-22 15:00:00,348.3
2025-02-22 16:00:00,398.8
2025-02-22 17:00:00,479.7
2025-02-22 18:00:00,399.5
2025-02-22 19:00:00,350.4
2025-02-22 20:00:00,340.2
2025-02-22 21:00:00,153.1
2025-02-22 22:00:00,387.9
2025-02-22 23:00:00,285.0
2025-02-23 00:00:00,118.2
2025-02-23 12:00:00,35.4
2025-02-23 13:00:00,122.4
2025-02-23 14:00:00,223.70000000000002
2025-02-23 15:00:00,422.5
2025-02-23 16:00:00,585.2
2025-02-23 17:00:00,477.2
2025-02-23 18:00:00,470.1
2025-02-23 19:00:00,464.8
2025-02-23 20:00:00,304.9
2025-02-23 21:00:00,201.7
2025-02-23 22:00:00,175.4
2025-02-23 23:00:00,20.900000000000002
2025-02-24 12:00:00,9.3
2025-02-24 13:00:00,26.2
2025-02-24 14:00:00,34.9
2025-02-24 15:00:00,71.7
2025-02-24 16:00:00,77.10000000000001
2025-02-24 17:00:00,126.4
2025-02-24 18:00:00,134.7
2025-02-24 19:00:00,155.6
2025-02-24 20:00:00,39.1
2025-02-24 21:00:00,63.1
2025-02-24 22:00:00,34.7
2025-02-24 23:00:00,17.3
2025-02-26 12:00:00,3.1
2025-02-26 13:00:00,53.0
2025-02-26 14:00:00,111.7
2025-02-26 15:00:00,229.9
2025-02-26 16:00:00,280.5
2025-02-26 17:00:00,256.5
2025-02-26 18:00:00,355.0
2025-02-26 19:00:00,201.79999999999998
2025-02-26 20:00:00,294.0
2025-02-26 21:00:00,120.5
2025-02-26 22:00:00,57.900000000000006
2025-02-26 23:00:00,36.4
2025-02-27 13:00:00,7.8
2025-02-27 14:00:00,34.0
2025-02-27 15:00:00,90.2
2025-02-27 16:00:00,55.5
2025-02-27 17:00:00,76.9
2025-02-27 18:00:00,86.4
2025-02-27 19:00:00,245.9
2025-02-27 20:00:00,94.0
2025-02-27 21:00:00,67.7
2025-02-27 22:00:00,102.1
2025-02-27 23:00:00,12.4
2025-02-28 12:00:00,3.2
2025-02-28 13:00:00,28.7
2025-02-28 14:00:00,111.2
2025-02-28 15:00:00,100.8
2025-02-28 16:00:00,137.9
2025-02-28 17:00:00,153.8
2025-02-28 18:00:00,227.6
2025-02-28 19:00:00,263.5
2025-02-28 20:00:00,137.1
2025-02-28 21:00:00,59.4
2025-02-28 22:00:00,176.9
2025-02-28 23:00:00,208.3
2025-03-01 00:00:00,42.1
2025-03-01 12:00:00,5.8
2025-03-01 13:00:00,41.0
2025-03-01 14:00:00,85.7
2025-03-01 15:00:00,187.3
2025-03-01 16:00:00,409.4
2025-03-01 17:00:00,302.9
2025-03-01 18:00:00,155.5
2025-03-01 19:00:00,57.900000000000006
2025-03-01 20:00:00,224.5
2025-03-01 21:00:00,134.4
2025-03-01 22:00:00,202.0
2025-03-01 23:00:00,174.4
2025-03-02 00:00:00,125.2
2025-03-02 12:00:00,24.4
2025-03-02 13:00:00,114.2
2025-03-02 14:00:00,236.1
2025-03-02 15:00:00,378.3
2025-03-02 16:00:00,240.9
2025-03-02 17:00:00,202.3
2025-03-02 18:00:00,202.1
2025-03-02 19:00:00,237.6
2025-03-02 20:00:00,104.7
2025-03-02 21:00:00,124.3
2025-03-02 22:00:00,155.0
2025-03-02 23:00:00,36.2
2025-03-03 12:00:00,3.7
2025-03-03 13:00:00,75.5
2025-03-03 14:00:00,51.3
2025-03-03 15:00:00,87.1
2025-03-03 16:00:00,159.9
2025-03-03 17:00:00,165.2
2025-03-03 18:00:00,214.0
2025-03-03 19:00:00,124.3
2025-03-03 20:00:00,74.5
2025-03-03 21:00:00,11.700000000000001
2025-03-03 22:00:00,54.4
2025-03-03 23:00:00,34.3
2025-03-05 13:00:00,39.9
2025-03-05 14:00:00,84.6
2025-03-05 15:00:00,165.4
2025-03-05 16:00:00,161.2
2025-03-05 17:00:00,256.0
2025-03-05 18:00:00,391.3
2025-03-05 19:00:00,179.4
2025-03-05 20:00:00,108.8
2025-03-05 21:00:00,50.1
2025-03-05 22:00:00,140.20000000000002
2025-03-05 23:00:00,58.4
2025-03-06 12:00:00,3.1
2025-03-06 13:00:00,13.5
2025-03-06 14:00:00,11.1
2025-03-06 15:00:00,52.7
2025-03-06 16:00:00,76.6
2025-03-06 17:00:00,170.8
2025-03-06 18:00:00,119.5
2025-03-06 19:00:00,108.10000000000001
2025-03-06 20:00:00,68.1
2025-03-06 21:00:00,23.0
2025-03-06 22:00:00,107.6
2025-03-06 23:00:00,3.7
2025-03-07 12:00:00,3.1
2025-03-07 13:00:00,26.3
2025-03-07 14:00:00,40.6
2025-03-07 15:00:00,75.7
2025-03-07 16:00:00,136.1
2025-03-07 17:00:00,110.10000000000001
2025-03-07 18:00:00,207.8
2025-03-07 19:00:00,251.9
2025-03-07 20:00:00,138.4
2025-03-07 21:00:00,168.2
2025-03-07 22:00:00,298.6
2025-03-07 23:00:00,242.8
2025-03-08 00:00:00,52.4
2025-03-08 01:00:00,3.7
2025-03-08 12:00:00,19.2
2025-03-08 13:00:00,14.0
2025-03-08 14:00:00,104.3
2025-03-08 15:00:00,118.6
2025-03-08 16:00:00,212.3
2025-03-08 17:00:00,125.2
2025-03-08 18:00:00,92.7
2025-03-08 19:00:00,153.6
2025-03-08 20:00:00,106.6
2025-03-08 21:00:00,143.3
2025-03-08 22:00:00,179.4
2025-03-08 23:00:00,266.7
2025-03-09 00:00:00,48.6
2025-03-09 12:00:00,26.700000000000003
2025-03-09 13:00:00,64.4
2025-03-09 14:00:00,102.6
2025-03-09 15:00:00,296.8
2025-03-09 16:00:00,541.0
2025-03-09 17:00:00,375.7
2025-03-09 18:00:00,450.8
2025-03-09 19:00:00,334.6
2025-03-09 20:00:00,316.3
2025-03-09 21:00:00,121.5
2025-03-09 22:00:00,85.3
2025-03-09 23:00:00,60.0
2025-03-10 12:00:00,7.9
2025-03-10 13:00:00,13.1
2025-03-10 14:00:00,57.3
2025-03-10 15:00:00,53.2
2025-03-10 16:00:00,115.4
2025-03-10 17:00:00,106.2
2025-03-10 18:00:00,215.9
2025-03-10 19:00:00,164.5
2025-03-10 20:00:00,88.3
2025-03-10 22:00:00,12.5
2025-03-10 23:00:00,22.0
2025-03-12 13:00:00,18.1
2025-03-12 14:00:00,18.7
2025-03-12 15:00:00,41.7
2025-03-12 16:00:00,38.6
2025-03-12 17:00:00,44.3
2025-03-12 18:00:00,68.8
2025-03-12 19:00:00,56.0
2025-03-12 20:00:00,17.3
2025-03-12 21:00:00,43.3
2025-03-12 22:00:00,28.5
2025-03-12 23:00:00,6.2
2025-03-13 12:00:00,17.0
2025-03-13 13:00:00,11.7
2025-03-13 14:00:00,6.2
2025-03-13 15:00:00,19.2
2025-03-13 16:00:00,29.3
2025-03-13 17:00:00,10.5
2025-03-13 18:00:00,62.5
2025-03-13 19:00:00,61.9
2025-03-13 20:00:00,10.3
2025-03-13 21:00:00,55.5
2025-03-13 22:00:00,35.8
2025-03-13 23:00:00,20.3
2025-03-14 13:00:00,20.7
2025-03-14 14:00:00,35.5
2025-03-14 15:00:00,50.2
2025-03-14 16:00:00,13.399999999999999
2025-03-14 17:00:00,55.300000000000004
2025-03-14 18:00:00,94.2
2025-03-14 19:00:00,114.7
2025-03-14 20:00:00,81.7
2025-03-14 21:00:00,49.0
2025-03-14 22:00:00,125.3
2025-03-14 23:00:00,77.1
2025-03-15 00:00:00,19.700000000000003
2025-03-15 14:00:00,14.1
2025-03-15 15:00:00,72.1
2025-03-15 16:00:00,100.5
2025-03-15 17:00:00,79.9
2025-03-15 18:00:00,94.80000000000001
2025-03-15 19:00:00,127.19999999999999
2025-03-15 20:00:00,29.1
2025-03-15 21:00:00,63.7
2025-03-15 22:00:00,66.7
2025-03-15 23:00:00,137.4
2025-03-16 00:00:00,1.8
2025-03-16 12:00:00,32.4
2025-03-16 13:00:00,17.0
2025-03-16 14:00:00,84.4
2025-03-16 15:00:00,117.8
2025-03-16 16:00:00,101.0
2025-03-16 17:00:00,42.3
2025-03-16 18:00:00,172.5
2025-03-16 19:00:00,296.5
2025-03-16 20:00:00,108.4
2025-03-16 21:00:00,43.6
2025-03-16 22:00:00,88.6
2025-03-16 23:00:00,16.6
2025-03-17 13:00:00,33.5
2025-03-17 14:00:00,13.0
2025-03-17 15:00:00,50.0
2025-03-17 16:00:00,30.5
2025-03-17 17:00:00,7.6
2025-03-17 18:00:00,86.8
2025-03-17 19:00:00,33.5
2025-03-17 20:00:00,49.0
2025-03-17 21:00:00,39.0
2025-03-17 22:00:00,15.2
2025-03-19 13:00:00,12.4
2025-03-19 14:00:00,15.899999999999999
2025-03-19 15:00:00,92.2
2025-03-19 16:00:00,150.8
2025-03-19 17:00:00,196.8
2025-03-19 18:00:00,194.0
2025-03-19 19:00:00,209.9
2025-03-19 20:00:00,120.9
2025-03-19 21:00:00,133.6
2025-03-19 22:00:00,147.5
2025-03-19 23:00:00,19.8
2025-03-20 12:00:00,11.1
2025-03-20 13:00:00,15.2
2025-03-20 14:00:00,18.2
2025-03-20 15:00:00,52.2
2025-03-20 16:00:00,34.9
2025-03-20 17:00:00,60.199999999999996
2025-03-20 18:00:00,124.4
2025-03-20 19:00:00,125.5
2025-03-20 20:00:00,62.9
2025-03-20 21:00:00,124.6
2025-03-20 22:00:00,132.5
2025-03-20 23:00:00,23.5
2025-03-21 12:00:00,10.0
2025-03-21 13:00:00,10.0
2025-03-21 14:00:00,12.5
2025-03-21 15:00:00,68.4
2025-03-21 16:00:00,24.4
2025-03-21 17:00:00,52.0
2025-03-21 18:00:00,94.0
2025-03-21 19:00:00,65.9
2025-03-21 20:00:00,79.9
2025-03-21 21:00:00,68.2
2025-03-21 22:00:00,316.3
2025-03-21 23:00:00,212.4
2025-03-22 00:00:00,13.6
2025-03-22 13:00:00,18.5
2025-03-22 14:00:00,18.8
2025-03-22 15:00:00,105.7
2025-03-22 16:00:00,113.7
2025-03-22 17:00:00,54.400000000000006
2025-03-22 18:00:00,129.6
2025-03-22 19:00:00,91.3
2025-03-22 20:00:00,39.0
2025-03-22 21:00:00,74.9
2025-03-22 22:00:00,122.0
2025-03-22 23:00:00,110.30000000000001
2025-03-23 00:00:00,35.0
2025-03-23 12:00:00,40.0
2025-03-23 13:00:00,5.0
2025-03-23 14:00:00,92.1
2025-03-23 15:00:00,213.1
2025-03-23 16:00:00,278.0
2025-03-23 17:00:00,252.20000000000002
2025-03-23 18:00:00,235.2
2025-03-23 19:00:00,193.4
2025-03-23 20:00:00,146.2
2025-03-23 21:00:00,75.4
2025-03-23 22:00:00,31.2
2025-03-24 13:00:00,3.7
2025-03-24 14:00:00,2.6
2025-03-24 15:00:00,13.100000000000001
2025-03-24 16:00:00,4.1
2025-03-24 17:00:00,13.6
2025-03-24 18:00:00,35.2
2025-03-24 19:00:00,56.4
2025-03-24 20:00:00,23.2
2025-03-24 21:00:00,20.5
2025-03-24 22:00:00,40.0
2025-03-26 13:00:00,6.5
2025-03-26 14:00:00,14.9
2025-03-26 15:00:00,52.4
2025-03-26 16:00:00,131.6
2025-03-26 17:00:00,118.0
2025-03-26 18:00:00,125.8
2025-03-26 19:00:00,170.1
2025-03-26 20:00:00,114.9
2025-03-26 21:00:00,28.6
2025-03-26 22:00:00,65.7
2025-03-26 23:00:00,16.700000000000003
2025-03-27 13:00:00,16.0
2025-03-27 14:00:00,39.7
2025-03-27 15:00:00,63.4
2025-03-27 16:00:00,50.7
2025-03-27 17:00:00,87.7
2025-03-27 18:00:00,176.3
2025-03-27 19:00:00,168.6
2025-03-27 20:00:00,73.5
2025-03-27 21:00:00,74.3
2025-03-27 22:00:00,129.8
2025-03-27 23:00:00,9.9
2025-03-28 12:00:00,10.0
2025-03-28 13:00:00,9.5
2025-03-28 14:00:00,40.0
2025-03-28 15:00:00,27.0
2025-03-28 16:00:00,77.2
2025-03-28 17:00:00,113.0
2025-03-28 18:00:00,114.1
2025-03-28 19:00:00,164.2
2025-03-28 20:00:00,148.9
2025-03-28 21:00:00,145.3
2025-03-28 22:00:00,187.8
2025-03-28 23:00:00,101.4
2025-03-29 00:00:00,46.5
2025-03-29 12:00:00,15.2
2025-03-29 13:00:00,45.5
2025-03-29 14:00:00,67.6
2025-03-29 15:00:00,335.0
2025-03-29 16:00:00,437.4
2025-03-29 17:00:00,337.0
2025-03-29 18:00:00,387.0
2025-03-29 19:00:00,161.6
2025-03-29 20:00:00,201.6
2025-03-29 21:00:00,106.5
2025-03-29 22:00:00,299.9
2025-03-29 23:00:00,273.3
2025-03-30 00:00:00,92.4
2025-03-30 12:00:00,34.1
2025-03-30 13:00:00,122.4
2025-03-30 14:00:00,82.5
2025-03-30 15:00:00,442.0
2025-03-30 16:00:00,523.4
2025-03-30 17:00:00,565.8
2025-03-30 18:00:00,591.6
2025-03-30 19:00:00,519.3
2025-03-30 20:00:00,392.0
2025-03-30 21:00:00,109.2
2025-03-30 22:00:00,121.2
2025-03-30 23:00:00,53.1
2025-03-31 13:00:00,20.1
2025-03-31 14:00:00,47.599999999999994
2025-03-31 15:00:00,48.1
2025-03-31 16:00:00,113.30000000000001
2025-03-31 17:00:00,85.5
2025-03-31 18:00:00,127.3
2025-03-31 19:00:00,107.1
2025-03-31 20:00:00,96.5
2025-03-31 21:00:00,59.6
2025-03-31 22:00:00,33.6
2025-03-31 23:00:00,3.7
2025-04-02 13:00:00,6.5
2025-04-02 14:00:00,30.2
2025-04-02 15:00:00,30.9
2025-04-02 16:00:00,33.0
2025-04-02 17:00:00,84.7
2025-04-02 18:00:00,92.5
2025-04-02 19:00:00,149.6
2025-04-02 20:00:00,24.5
2025-04-02 21:00:00,53.0
2025-04-02 22:00:00,20.0
2025-04-02 23:00:00,6.2
2025-04-03 13:00:00,7.199999999999999
2025-04-03 14:00:00,71.3
2025-04-03 15:00:00,45.5
2025-04-03 16:00:00,83.8
2025-04-03 17:00:00,178.2
2025-04-03 18:00:00,164.5
2025-04-03 19:00:00,134.5
2025-04-03 20:00:00,139.6
2025-04-03 21:00:00,54.5
2025-04-03 22:00:00,100.2
2025-04-03 23:00:00,11.1
2025-04-04 12:00:00,5.0
2025-04-04 13:00:00,22.6
2025-04-04 14:00:00,84.7
2025-04-04 15:00:00,104.8
2025-04-04 16:00:00,109.7
2025-04-04 17:00:00,113.4
2025-04-04 18:00:00,265.6
2025-04-04 19:00:00,228.8
2025-04-04 20:00:00,247.0
2025-04-04 21:00:00,199.8
2025-04-04 22:00:00,269.6
2025-04-04 23:00:00,245.3
2025-04-05 00:00:00,102.9
2025-04-05 12:00:00,28.8
2025-04-05 13:00:00,80.5
2025-04-05 14:00:00,110.6
2025-04-05 15:00:00,303.7
2025-04-05 16:00:00,367.0
2025-04-05 17:00:00,419.8
2025-04-05 18:00:00,348.5
2025-04-05 19:00:00,368.2
2025-04-05 20:00:00,184.4
2025-04-05 21:00:00,156.20000000000002
2025-04-05 22:00:00,414.6
2025-04-05 23:00:00,348.4
2025-04-06 00:00:00,188.6
2025-04-06 12:00:00,64.0
2025-04-06 13:00:00,74.2
2025-04-06 14:00:00,184.2
2025-04-06 15:00:00,277.9
2025-04-06 16:00:00,320.6
2025-04-06 17:00:00,382.40000000000003
2025-04-06 18:00:00,323.8
2025-04-06 19:00:00,260.1
2025-04-06 20:00:00,179.2
2025-04-06 21:00:00,128.9
2025-04-06 22:00:00,120.6
2025-04-06 23:00:00,73.9
2025-04-07 12:00:00,6.8
2025-04-07 13:00:00,16.700000000000003
2025-04-07 14:00:00,19.4
2025-04-07 15:00:00,76.5
2025-04-07 16:00:00,87.1
2025-04-07 17:00:00,145.0
2025-04-07 18:00:00,112.8
2025-04-07 19:00:00,92.4
2025-04-07 20:00:00,94.9
2025-04-07 21:00:00,117.2
2025-04-07 22:00:00,96.7
2025-04-07 23:00:00,6.2
2025-04-09 12:00:00,3.1
2025-04-09 13:00:00,17.5
2025-04-09 14:00:00,45.300000000000004
2025-04-09 15:00:00,205.9
2025-04-09 16:00:00,160.9
2025-04-09 17:00:00,168.4
2025-04-09 18:00:00,196.0
2025-04-09 19:00:00,127.0
2025-04-09 20:00:00,80.7
2025-04-09 21:00:00,12.4
2025-04-09 22:00:00,64.7
2025-04-09 23:00:00,1.8
2025-04-10 12:00:00,5.9
2025-04-10 13:00:00,24.6
2025-04-10 14:00:00,51.2
2025-04-10 15:00:00,105.1
2025-04-10 16:00:00,79.1
2025-04-10 17:00:00,196.7
2025-04-10 18:00:00,173.5
2025-04-10 19:00:00,146.6
2025-04-10 20:00:00,88.1
2025-04-10 21:00:00,76.9
2025-04-10 22:00:00,70.4
2025-04-10 23:00:00,3.1
2025-04-11 12:00:00,29.3
2025-04-11 13:00:00,49.5
2025-04-11 14:00:00,36.7
2025-04-11 15:00:00,133.7
2025-04-11 16:00:00,110.5
2025-04-11 17:00:00,206.0
2025-04-11 18:00:00,303.0
2025-04-11 19:00:00,234.4
2025-04-11 20:00:00,177.0
2025-04-11 21:00:00,103.7
2025-04-11 22:00:00,197.7
2025-04-11 23:00:00,119.3
2025-04-12 00:00:00,60.900000000000006
2025-04-12 12:00:00,4.8
2025-04-12 13:00:00,76.4
2025-04-12 14:00:00,169.4
2025-04-12 15:00:00,171.70000000000002
2025-04-12 16:00:00,57.1
2025-04-12 17:00:00,48.7
2025-04-12 18:00:00,90.4
2025-04-12 19:00:00,164.1
2025-04-12 20:00:00,97.0
2025-04-12 21:00:00,148.1
2025-04-12 22:00:00,286.7
2025-04-12 23:00:00,270.6
2025-04-13 00:00:00,76.0
2025-04-13 01:00:00,0.0
2025-04-13 13:00:00,3.1
2025-04-13 14:00:00,35.1
2025-04-13 15:00:00,92.4
2025-04-13 16:00:00,159.2
2025-04-13 17:00:00,126.9
2025-04-13 18:00:00,201.1
2025-04-13 19:00:00,353.3
2025-04-13 20:00:00,162.5
2025-04-13 21:00:00,90.9
2025-04-13 22:00:00,205.5
2025-04-13 23:00:00,54.0
2025-04-14 12:00:00,3.1
2025-04-14 13:00:00,22.7
2025-04-14 14:00:00,58.3
2025-04-14 15:00:00,180.70000000000002
2025-04-14 16:00:00,233.1
2025-04-14 17:00:00,134.5
2025-04-14 18:00:00,397.5
2025-04-14 19:00:00,249.70000000000002
2025-04-14 20:00:00,214.3
2025-04-14 21:00:00,79.1
2025-04-14 22:00:00,168.0
2025-04-14 23:00:00,44.7
2025-04-15 12:00:00,9.2
2025-04-15 13:00:00,27.5
2025-04-15 14:00:00,56.0
2025-04-15 15:00:00,61.6
2025-04-15 16:00:00,86.6
2025-04-15 17:00:00,99.2
2025-04-15 18:00:00,148.4
2025-04-15 19:00:00,195.2
2025-04-15 20:00:00,125.0
2025-04-15 21:00:00,98.8
2025-04-15 22:00:00,55.0
2025-04-15 23:00:00,50.9
2025-04-16 12:00:00,6.8
2025-04-16 13:00:00,46.2
2025-04-16 14:00:00,58.1
2025-04-16 15:00:00,74.5
2025-04-16 16:00:00,73.2
2025-04-16 17:00:00,61.9
2025-04-16 18:00:00,153.5
2025-04-16 19:00:00,295.7
2025-04-16 20:00:00,171.1
2025-04-16 21:00:00,71.9
2025-04-16 22:00:00,120.8
2025-04-16 23:00:00,146.5
2025-04-17 00:00:00,12.7
2025-04-17 12:00:00,86.4
2025-04-17 13:00:00,40.1
2025-04-17 14:00:00,119.80000000000001
2025-04-17 15:00:00,357.0
2025-04-17 16:00:00,348.6
2025-04-17 17:00:00,308.0
2025-04-17 18:00:00,457.8
2025-04-17 19:00:00,460.8
2025-04-17 20:00:00,299.7
2025-04-17 21:00:00,202.0
2025-04-17 22:00:00,327.5
2025-04-17 23:00:00,277.7
2025-04-18 00:00:00,82.1
2025-04-18 12:00:00,20.1
2025-04-18 13:00:00,26.3
2025-04-18 14:00:00,139.2
2025-04-18 15:00:00,263.0
2025-04-18 16:00:00,442.0
2025-04-18 17:00:00,509.3
2025-04-18 18:00:00,553.9
2025-04-18 19:00:00,564.9
2025-04-18 20:00:00,255.4
2025-04-18 21:00:00,259.3
2025-04-18 22:00:00,373.0
2025-04-18 23:00:00,358.9
2025-04-19 00:00:00,193.6
2025-04-19 12:00:00,30.7
2025-04-19 13:00:00,40.9
2025-04-19 14:00:00,124.5
2025-04-19 15:00:00,320.8
2025-04-19 16:00:00,485.90000000000003
2025-04-19 17:00:00,519.2
2025-04-19 18:00:00,255.6
2025-04-19 19:00:00,268.6
2025-04-19 20:00:00,278.8
2025-04-19 21:00:00,127.4
2025-04-19 22:00:00,325.7
2025-04-19 23:00:00,237.1
2025-04-20 00:00:00,72.1
2025-04-20 12:00:00,40.2
2025-04-20 13:00:00,91.2
2025-04-20 14:00:00,104.0
2025-04-20 15:00:00,264.2
2025-04-20 16:00:00,450.4
2025-04-20 17:00:00,347.9
2025-04-20 18:00:00,385.1
2025-04-20 19:00:00,461.9
2025-04-20 20:00:00,257.8
2025-04-20 21:00:00,156.4
2025-04-20 22:00:00,111.9
2025-04-20 23:00:00,158.8
2025-04-21 13:00:00,15.7
2025-04-21 14:00:00,17.1
2025-04-21 15:00:00,103.4
2025-04-21 16:00:00,109.3
2025-04-21 17:00:00,77.6
2025-04-21 18:00:00,126.7
2025-04-21 19:00:00,152.9
2025-04-21 20:00:00,74.3
2025-04-21 21:00:00,61.5
2025-04-21 22:00:00,86.7
2025-04-21 23:00:00,33.3
2025-04-22 12:00:00,19.1
2025-04-22 13:00:00,12.4
2025-04-22 14:00:00,88.0
2025-04-22 15:00:00,228.9
2025-04-22 16:00:00,209.5
2025-04-22 17:00:00,278.0
2025-04-22 18:00:00,356.6
2025-04-22 19:00:00,414.5
2025-04-22 20:00:00,240.9
2025-04-22 21:00:00,98.8
2025-04-22 22:00:00,147.5
2025-04-22 23:00:00,95.3
2025-04-23 12:00:00,5.4
2025-04-23 13:00:00,51.0
2025-04-23 14:00:00,23.5
2025-04-23 15:00:00,106.1
2025-04-23 16:00:00,115.4
2025-04-23 17:00:00,95.0
2025-04-23 18:00:00,252.8
2025-04-23 19:00:00,287.6
2025-04-23 20:00:00,162.1
2025-04-23 21:00:00,125.9
2025-04-23 22:00:00,182.1
2025-04-23 23:00:00,52.0
2025-04-24 12:00:00,6.9
2025-04-24 13:00:00,16.0
2025-04-24 14:00:00,80.0
2025-04-24 15:00:00,160.9
2025-04-24 16:00:00,168.5
2025-04-24 17:00:00,289.3
2025-04-24 18:00:00,406.0
2025-04-24 19:00:00,381.1
2025-04-24 20:00:00,244.1
2025-04-24 21:00:00,132.8
2025-04-24 22:00:00,168.9
2025-04-24 23:00:00,53.1
2025-04-25 12:00:00,24.8
2025-04-25 13:00:00,41.1
2025-04-25 14:00:00,100.8
2025-04-25 15:00:00,150.3
2025-04-25 16:00:00,223.2
2025-04-25 17:00:00,144.5
2025-04-25 18:00:00,288.3
2025-04-25 19:00:00,183.6
2025-04-25 20:00:00,130.3
2025-04-25 21:00:00,58.800000000000004
2025-04-25 22:00:00,75.1
2025-04-25 23:00:00,116.6
2025-04-26 00:00:00,11.9
2025-04-26 13:00:00,18.8
2025-04-26 14:00:00,14.5
2025-04-26 15:00:00,47.3
2025-04-26 16:00:00,179.9
2025-04-26 17:00:00,122.7
2025-04-26 18:00:00,200.0
2025-04-26 19:00:00,102.5
2025-04-26 20:00:00,90.1
2025-04-26 21:00:00,75.9
2025-04-26 22:00:00,127.4
2025-04-26 23:00:00,100.8
2025-04-27 00:00:00,24.9
2025-04-27 12:00:00,16.9
2025-04-27 13:00:00,29.200000000000003
2025-04-27 14:00:00,131.8
2025-04-27 15:00:00,308.7
2025-04-27 16:00:00,315.8
2025-04-27 17:00:00,480.8
2025-04-27 18:00:00,523.0
2025-04-27 19:00:00,549.6
2025-04-27 20:00:00,272.9
2025-04-27 21:00:00,153.8
2025-04-27 22:00:00,164.4
2025-04-27 23:00:00,53.2
2025-04-28 12:00:00,4.1
2025-04-28 17:00:00,106.2
2025-04-28 18:00:00,340.90000000000003
2025-04-28 19:00:00,272.2
2025-04-28 20:00:00,188.7
2025-04-28 21:00:00,143.0
2025-04-28 22:00:00,147.8
2025-04-28 23:00:00,15.7
2025-04-29 12:00:00,9.5
2025-04-29 13:00:00,63.1
2025-04-29 14:00:00,104.10000000000001
2025-04-29 15:00:00,74.0
2025-04-29 16:00:00,124.6
2025-04-29 17:00:00,231.20000000000002
2025-04-29 18:00:00,313.2
2025-04-29 19:00:00,284.1
2025-04-29 20:00:00,223.6
2025-04-29 21:00:00,79.80000000000001
2025-04-29 22:00:00,136.7
2025-04-29 23:00:00,64.0
2025-04-30 00:00:00,9.3
2025-04-30 13:00:00,37.4
2025-04-30 14:00:00,51.0
2025-04-30 15:00:00,127.4
2025-04-30 16:00:00,130.8
2025-04-30 17:00:00,192.0
2025-04-30 18:00:00,217.3
2025-04-30 19:00:00,166.8
2025-04-30 20:00:00,167.4
2025-04-30 21:00:00,163.9
2025-04-30 22:00:00,382.9
2025-04-30 23:00:00,336.7
2025-05-01 00:00:00,59.0
2025-05-01 12:00:00,5.0
2025-05-01 13:00:00,20.7
2025-05-01 14:00:00,108.8
2025-05-01 15:00:00,258.3
2025-05-01 16:00:00,358.1
2025-05-01 17:00:00,249.6
2025-05-01 18:00:00,377.0
2025-05-01 19:00:00,363.0
2025-05-01 20:00:00,309.3
2025-05-01 21:00:00,187.1
2025-05-01 22:00:00,338.4
2025-05-01 23:00:00,264.3
2025-05-02 00:00:00,40.9
2025-05-02 12:00:00,38.1
2025-05-02 13:00:00,30.6
2025-05-02 14:00:00,92.9
2025-05-02 15:00:00,160.5
2025-05-02 16:00:00,257.4
2025-05-02 17:00:00,249.0
2025-05-02 18:00:00,315.9
2025-05-02 19:00:00,357.6
2025-05-02 20:00:00,235.1
2025-05-02 21:00:00,240.3
2025-05-02 22:00:00,337.0
2025-05-02 23:00:00,421.8
2025-05-03 00:00:00,201.5
2025-05-03 12:00:00,22.1
2025-05-03 13:00:00,105.4
2025-05-03 14:00:00,140.4
2025-05-03 15:00:00,287.6
2025-05-03 16:00:00,413.6
2025-05-03 17:00:00,428.6
2025-05-03 18:00:00,562.6
2025-05-03 19:00:00,487.1
2025-05-03 20:00:00,325.9
2025-05-03 21:00:00,216.4
2025-05-03 22:00:00,378.9
2025-05-03 23:00:00,380.40000000000003
2025-05-04 00:00:00,259.5
2025-05-04 12:00:00,45.0
2025-05-04 13:00:00,143.8
2025-05-04 14:00:00,162.1
2025-05-04 15:00:00,313.6
2025-05-04 16:00:00,471.90000000000003
2025-05-04 17:00:00,401.4
2025-05-04 18:00:00,357.4
2025-05-04 19:00:00,308.6
2025-05-04 20:00:00,145.6
2025-05-04 21:00:00,118.3
2025-05-04 22:00:00,110.0
2025-05-04 23:00:00,73.7
2025-05-05 13:00:00,9.3
2025-05-05 14:00:00,4.1
2025-05-05 15:00:00,41.1
2025-05-05 16:00:00,19.8
2025-05-05 17:00:00,21.2
2025-05-05 18:00:00,22.7
2025-05-05 19:00:00,66.8
2025-05-05 20:00:00,21.8
2025-05-05 21:00:00,17.1
2025-05-05 22:00:00,18.7
2025-05-05 23:00:00,58.3
2025-05-06 13:00:00,3.8
2025-05-06 14:00:00,7.5
2025-05-06 15:00:00,42.2
2025-05-06 16:00:00,34.5
2025-05-06 17:00:00,88.6
2025-05-06 18:00:00,112.8
2025-05-06 19:00:00,210.5
2025-05-06 20:00:00,147.8
2025-05-06 21:00:00,54.7
2025-05-06 22:00:00,22.400000000000002
2025-05-06 23:00:00,28.3
2025-05-07 12:00:00,34.4
2025-05-07 13:00:00,52.3
2025-05-07 14:00:00,71.3
2025-05-07 15:00:00,95.7
2025-05-07 16:00:00,93.60000000000001
2025-05-07 17:00:00,160.9
2025-05-07 18:00:00,148.5
2025-05-07 19:00:00,236.4
2025-05-07 20:00:00,174.9
2025-05-07 21:00:00,90.6
2025-05-07 22:00:00,168.1
2025-05-07 23:00:00,45.6
2025-05-08 12:00:00,3.1
2025-05-08 14:00:00,48.7
2025-05-08 15:00:00,68.3
2025-05-08 16:00:00,58.800000000000004
2025-05-08 17:00:00,116.3
2025-05-08 18:00:00,215.1
2025-05-08 19:00:00,116.2
2025-05-08 20:00:00,33.5
2025-05-08 21:00:00,87.8
2025-05-08 22:00:00,74.0
2025-05-08 23:00:00,63.5
2025-05-09 12:00:00,10.0
2025-05-09 14:00:00,14.2
2025-05-09 15:00:00,27.2
2025-05-09 16:00:00,42.4
2025-05-09 17:00:00,43.5
2025-05-09 18:00:00,121.0
2025-05-09 19:00:00,122.3
2025-05-09 20:00:00,108.8
2025-05-09 21:00:00,91.7
2025-05-09 22:00:00,141.4
2025-05-09 23:00:00,134.29999999999998
2025-05-10 00:00:00,62.2
2025-05-10 12:00:00,5.4
2025-05-10 13:00:00,10.0
2025-05-10 14:00:00,40.4
2025-05-10 15:00:00,178.8
2025-05-10 16:00:00,264.7
2025-05-10 17:00:00,171.9
2025-05-10 18:00:00,147.6
2025-05-10 19:00:00,196.9
2025-05-10 20:00:00,85.8
2025-05-10 21:00:00,102.2
2025-05-10 22:00:00,125.2
2025-05-10 23:00:00,228.8
2025-05-11 00:00:00,176.3
2025-05-11 12:00:00,52.8
2025-05-11 13:00:00,53.8
2025-05-11 14:00:00,139.5
2025-05-11 15:00:00,240.20000000000002
2025-05-11 16:00:00,176.7
2025-05-11 17:00:00,191.7
2025-05-11 18:00:00,241.6
2025-05-11 19:00:00,202.9
2025-05-11 20:00:00,94.8
2025-05-11 21:00:00,120.3
2025-05-11 22:00:00,70.0
2025-05-11 23:00:00,41.4
2025-05-12 12:00:00,14.5
2025-05-12 13:00:00,40.8
2025-05-12 14:00:00,68.6
2025-05-12 15:00:00,45.9
2025-05-12 16:00:00,81.30000000000001
2025-05-12 17:00:00,92.8
2025-05-12 18:00:00,136.5
2025-05-12 19:00:00,66.5
2025-05-12 20:00:00,105.0
2025-05-12 22:00:00,37.5
2025-05-12 23:00:00,11.4
2025-05-13 12:00:00,21.8
2025-05-13 13:00:00,10.3
2025-05-13 14:00:00,34.8
2025-05-13 15:00:00,86.1
2025-05-13 16:00:00,74.8
2025-05-13 17:00:00,116.8
2025-05-13 18:00:00,183.2
2025-05-13 19:00:00,145.6
2025-05-13 20:00:00,98.0
2025-05-13 21:00:00,52.0
2025-05-13 22:00:00,153.0
2025-05-13 23:00:00,52.5
2025-05-14 12:00:00,25.2
2025-05-14 13:00:00,18.0
2025-05-14 14:00:00,27.9
2025-05-14 15:00:00,71.6
2025-05-14 16:00:00,13.0
2025-05-14 17:00:00,53.6
2025-05-14 18:00:00,35.5
2025-05-14 19:00:00,34.400000000000006
2025-05-14 20:00:00,48.7
2025-05-14 21:00:00,62.8
2025-05-14 22:00:00,57.1
2025-05-14 23:00:00,35.8
2025-05-15 13:00:00,10.0
2025-05-15 14:00:00,1.8
2025-05-15 15:00:00,46.1
2025-05-15 16:00:00,83.7
2025-05-15 17:00:00,102.8
2025-05-15 18:00:00,135.9
2025-05-15 19:00:00,62.1
2025-05-15 20:00:00,94.2
2025-05-15 21:00:00,91.9
2025-05-15 22:00:00,138.6
2025-05-15 23:00:00,89.3
2025-05-16 12:00:00,10.0
2025-05-16 13:00:00,20.1
2025-05-16 14:00:00,40.1
2025-05-16 15:00:00,95.2
2025-05-16 16:00:00,196.9
2025-05-16 17:00:00,192.4
2025-05-16 18:00:00,409.2
2025-05-16 19:00:00,398.6
2025-05-16 20:00:00,149.3
2025-05-16 21:00:00,111.9
2025-05-16 22:00:00,299.3
2025-05-16 23:00:00,304.0
2025-05-17 00:00:00,45.8
2025-05-17 13:00:00,84.4
2025-05-17 14:00:00,68.6
2025-05-17 15:00:00,360.9
2025-05-17 16:00:00,356.5
2025-05-17 17:00:00,390.5
2025-05-17 18:00:00,361.9
2025-05-17 19:00:00,355.3
2025-05-17 20:00:00,179.3
2025-05-17 21:00:00,156.0
2025-05-17 22:00:00,291.40000000000003
2025-05-17 23:00:00,343.90000000000003
2025-05-18 00:00:00,86.10000000000001
2025-05-18 12:00:00,32.4
2025-05-18 13:00:00,126.3
2025-05-18 14:00:00,285.9
2025-05-18 15:00:00,377.6
2025-05-18 16:00:00,437.3
2025-05-18 17:00:00,419.5
2025-05-18 18:00:00,418.4
2025-05-18 19:00:00,372.2
2025-05-18 20:00:00,279.1
2025-05-18 21:00:00,256.5
2025-05-18 22:00:00,162.3
2025-05-18 23:00:00,71.3
2025-05-19 13:00:00,7.6
2025-05-19 15:00:00,4.9
2025-05-19 16:00:00,38.3
2025-05-19 17:00:00,24.5
2025-05-19 18:00:00,57.9
2025-05-19 19:00:00,72.0
2025-05-19 20:00:00,73.1
2025-05-19 21:00:00,57.6
2025-05-19 22:00:00,79.4
2025-05-19 23:00:00,55.6
2025-05-20 12:00:00,23.799999999999997
2025-05-20 13:00:00,36.5
2025-05-20 14:00:00,35.0
2025-05-20 15:00:00,43.9
2025-05-20 16:00:00,103.9
2025-05-20 17:00:00,252.5
2025-05-20 18:00:00,117.1
2025-05-20 19:00:00,207.8
2025-05-20 20:00:00,192.9
2025-05-20 21:00:00,104.3
2025-05-20 22:00:00,92.2
2025-05-20 23:00:00,59.3
2025-05-21 14:00:00,3.1
2025-05-21 15:00:00,17.9
2025-05-21 16:00:00,23.1
2025-05-21 17:00:00,57.1
2025-05-21 18:00:00,78.0
2025-05-21 19:00:00,75.9
2025-05-21 20:00:00,12.1
2025-05-21 21:00:00,21.700000000000003
2025-05-21 22:00:00,76.4
2025-05-21 23:00:00,65.4
2025-05-22 00:00:00,3.7
2025-05-22 12:00:00,27.4
2025-05-22 13:00:00,6.2
2025-05-22 14:00:00,47.3
2025-05-22 15:00:00,67.7
2025-05-22 16:00:00,176.70000000000002
2025-05-22 17:00:00,140.1
2025-05-22 18:00:00,285.4
2025-05-22 19:00:00,185.5
2025-05-22 20:00:00,90.60000000000001
2025-05-22 21:00:00,73.6
2025-05-22 22:00:00,141.3
2025-05-22 23:00:00,32.900000000000006
2025-05-23 00:00:00,3.1
2025-05-23 12:00:00,19.8
2025-05-23 13:00:00,55.3
2025-05-23 14:00:00,49.4
2025-05-23 15:00:00,132.1
2025-05-23 16:00:00,147.7
2025-05-23 17:00:00,143.4
2025-05-23 18:00:00,402.5
2025-05-23 19:00:00,293.3
2025-05-23 20:00:00,216.8
2025-05-23 21:00:00,182.6
2025-05-23 22:00:00,316.9
2025-05-23 23:00:00,284.1
2025-05-24 00:00:00,189.9
2025-05-24 12:00:00,48.1
2025-05-24 13:00:00,41.9
2025-05-24 14:00:00,103.0
2025-05-24 15:00:00,269.9
2025-05-24 16:00:00,390.4
2025-05-24 17:00:00,400.2
2025-05-24 18:00:00,379.1
2025-05-24 19:00:00,347.0
2025-05-24 20:00:00,289.90000000000003
2025-05-24 21:00:00,240.6
2025-05-24 22:00:00,332.1
2025-05-24 23:00:00,362.3
2025-05-25 00:00:00,174.7
2025-05-25 12:00:00,31.700000000000003
2025-05-25 13:00:00,137.6
2025-05-25 14:00:00,135.4
2025-05-25 15:00:00,293.8
2025-05-25 16:00:00,365.90000000000003
2025-05-25 17:00:00,352.5
2025-05-25 18:00:00,448.8
2025-05-25 19:00:00,509.3
2025-05-25 20:00:00,180.0
2025-05-25 21:00:00,114.3
2025-05-25 22:00:00,65.3
2025-05-25 23:00:00,136.2
2025-05-26 14:00:00,52.5
2025-05-26 15:00:00,72.0
2025-05-26 16:00:00,79.60000000000001
2025-05-26 17:00:00,99.4
2025-05-26 18:00:00,183.9
2025-05-26 19:00:00,125.3
2025-05-26 20:00:00,91.8
2025-05-26 21:00:00,132.3
2025-05-26 22:00:00,47.6
2025-05-26 23:00:00,71.8
2025-05-27 13:00:00,43.5
2025-05-27 14:00:00,40.0
2025-05-27 15:00:00,98.1
2025-05-27 16:00:00,152.3
2025-05-27 17:00:00,227.5
2025-05-27 18:00:00,242.8
2025-05-27 19:00:00,289.6
2025-05-27 20:00:00,231.9
2025-05-27 21:00:00,92.6
2025-05-27 22:00:00,121.1
2025-05-27 23:00:00,82.60000000000001
2025-05-28 12:00:00,22.6
2025-05-28 13:00:00,31.400000000000002
2025-05-28 14:00:00,52.4
2025-05-28 15:00:00,74.0
2025-05-28 16:00:00,141.5
2025-05-28 17:00:00,264.2
2025-05-28 18:00:00,243.5
2025-05-28 19:00:00,218.1
2025-05-28 20:00:00,147.1
2025-05-28 21:00:00,97.8
2025-05-28 22:00:00,93.5
2025-05-28 23:00:00,69.8
2025-05-29 12:00:00,1.5
2025-05-29 13:00:00,27.200000000000003
2025-05-29 14:00:00,56.0
2025-05-29 15:00:00,96.2
2025-05-29 16:00:00,176.1
2025-05-29 17:00:00,179.0
2025-05-29 18:00:00,249.3
2025-05-29 19:00:00,338.4
2025-05-29 20:00:00,208.1
2025-05-29 21:00:00,167.3
2025-05-29 22:00:00,309.8
2025-05-29 23:00:00,186.1
2025-05-30 00:00:00,1.8
2025-05-30 12:00:00,28.7
2025-05-30 13:00:00,48.9
2025-05-30 14:00:00,43.6
2025-05-30 15:00:00,116.9
2025-05-30 16:00:00,154.1
2025-05-30 17:00:00,89.1
2025-05-30 18:00:00,94.4
2025-05-30 19:00:00,91.8
2025-05-30 20:00:00,84.10000000000001
2025-05-30 21:00:00,111.1
2025-05-30 22:00:00,384.5
2025-05-30 23:00:00,358.6
2025-05-31 00:00:00,141.20000000000002
2025-05-31 12:00:00,9.3
2025-05-31 13:00:00,12.4
2025-05-31 14:00:00,116.8
2025-05-31 15:00:00,261.3
2025-05-31 16:00:00,322.4
2025-05-31 17:00:00,214.2
2025-05-31 18:00:00,334.6
2025-05-31 19:00:00,358.8
2025-05-31 20:00:00,176.7
2025-05-31 21:00:00,221.2
2025-05-31 22:00:00,418.0
2025-05-31 23:00:00,449.90000000000003
2025-06-01 00:00:00,200.9
2025-06-01 12:00:00,7.4
2025-06-01 13:00:00,80.7
2025-06-01 14:00:00,104.69999999999999
2025-06-01 15:00:00,258.5
2025-06-01 16:00:00,499.0
2025-06-01 17:00:00,169.8
2025-06-01 18:00:00,321.3
2025-06-01 19:00:00,231.0
2025-06-01 20:00:00,199.9
2025-06-01 21:00:00,179.3
2025-06-01 22:00:00,86.0
2025-06-01 23:00:00,22.0
2025-06-02 12:00:00,3.7
2025-06-02 13:00:00,13.0
2025-06-02 14:00:00,24.9
2025-06-02 15:00:00,76.0
2025-06-02 16:00:00,39.5
2025-06-02 17:00:00,59.0
2025-06-02 18:00:00,64.2
2025-06-02 19:00:00,59.3
2025-06-02 20:00:00,12.7
2025-06-02 21:00:00,58.6
2025-06-02 22:00:00,75.2
2025-06-02 23:00:00,87.5
2025-06-03 13:00:00,22.8
2025-06-03 14:00:00,34.0
2025-06-03 15:00:00,45.099999999999994
2025-06-03 16:00:00,81.9
2025-06-03 17:00:00,108.1
2025-06-03 18:00:00,93.8
2025-06-03 19:00:00,168.5
2025-06-03 20:00:00,168.20000000000002
2025-06-03 21:00:00,46.7
2025-06-03 22:00:00,73.8
2025-06-03 23:00:00,49.0
2025-06-04 13:00:00,14.6
2025-06-04 14:00:00,7.4
2025-06-04 15:00:00,29.7
2025-06-04 16:00:00,38.4
2025-06-04 17:00:00,62.699999999999996
2025-06-04 18:00:00,112.7
2025-06-04 19:00:00,136.5
2025-06-04 20:00:00,170.9
2025-06-04 21:00:00,87.30000000000001
2025-06-04 22:00:00,103.10000000000001
2025-06-04 23:00:00,101.9
2025-06-05 12:00:00,24.1
2025-06-05 13:00:00,9.3
2025-06-05 14:00:00,23.5
2025-06-05 15:00:00,192.4
2025-06-05 16:00:00,205.4
2025-06-05 17:00:00,167.4
2025-06-05 18:00:00,323.7
2025-06-05 19:00:00,134.7
2025-06-05 20:00:00,45.4
2025-06-05 21:00:00,123.7
2025-06-05 22:00:00,150.2
2025-06-05 23:00:00,112.8
2025-06-06 12:00:00,7.2
2025-06-06 13:00:00,22.8
2025-06-06 14:00:00,45.800000000000004
2025-06-06 15:00:00,101.3
2025-06-06 16:00:00,106.8
2025-06-06 17:00:00,142.8
2025-06-06 18:00:00,113.8
2025-06-06 19:00:00,104.7
2025-06-06 20:00:00,276.7
2025-06-06 21:00:00,176.3
2025-06-06 22:00:00,279.3
2025-06-06 23:00:00,282.8
2025-06-07 00:00:00,92.0
2025-06-07 12:00:00,76.5
2025-06-07 13:00:00,40.4
2025-06-07 14:00:00,125.8
2025-06-07 15:00:00,363.7
2025-06-07 16:00:00,451.0
2025-06-07 17:00:00,431.3
2025-06-07 18:00:00,479.3
2025-06-07 19:00:00,352.8
2025-06-07 20:00:00,289.6
2025-06-07 21:00:00,169.3
2025-06-07 22:00:00,350.3
2025-06-07 23:00:00,380.2
2025-06-08 00:00:00,233.0
2025-06-08 12:00:00,16.3
2025-06-08 13:00:00,65.8
2025-06-08 14:00:00,127.39999999999999
2025-06-08 15:00:00,267.0
2025-06-08 16:00:00,485.9
2025-06-08 17:00:00,470.2
2025-06-08 18:00:00,465.1
2025-06-08 19:00:00,451.3
2025-06-08 20:00:00,246.6
2025-06-08 21:00:00,156.6
2025-06-08 22:00:00,235.2
2025-06-08 23:00:00,229.5
2025-06-09 00:00:00,22.0
2025-06-09 13:00:00,83.4
2025-06-09 14:00:00,134.1
2025-06-09 15:00:00,185.0
2025-06-09 16:00:00,305.9
2025-06-09 17:00:00,240.8
2025-06-09 18:00:00,256.5
2025-06-09 19:00:00,233.1
2025-06-09 20:00:00,184.9
2025-06-09 21:00:00,119.8
2025-06-09 22:00:00,132.4
2025-06-09 23:00:00,115.0
2025-06-10 12:00:00,8.1
2025-06-10 13:00:00,17.8
2025-06-10 14:00:00,36.0
2025-06-10 15:00:00,132.4
2025-06-10 16:00:00,143.9
2025-06-10 17:00:00,176.5
2025-06-10 18:00:00,329.5
2025-06-10 19:00:00,308.6
2025-06-10 20:00:00,145.8
2025-06-10 21:00:00,34.9
2025-06-10 22:00:00,72.7
2025-06-10 23:00:00,135.3
2025-06-11 12:00:00,14.0
2025-06-11 13:00:00,43.9
2025-06-11 14:00:00,47.7
2025-06-11 15:00:00,79.4
2025-06-11 16:00:00,150.5
2025-06-11 17:00:00,211.5
2025-06-11 18:00:00,313.3
2025-06-11 19:00:00,183.20000000000002
2025-06-11 20:00:00,148.9
2025-06-11 21:00:00,157.1
2025-06-11 22:00:00,200.1
2025-06-11 23:00:00,85.3
2025-06-12 12:00:00,14.200000000000001
2025-06-12 13:00:00,6.2
2025-06-12 14:00:00,54.7
2025-06-12 15:00:00,110.6
2025-06-12 16:00:00,108.7
2025-06-12 17:00:00,132.9
2025-06-12 18:00:00,280.0
2025-06-12 19:00:00,212.70000000000002
2025-06-12 20:00:00,112.4
2025-06-12 21:00:00,135.3
2025-06-12 22:00:00,257.0
2025-06-12 23:00:00,203.3
2025-06-13 12:00:00,9.9
2025-06-13 13:00:00,21.7
2025-06-13 14:00:00,59.0
2025-06-13 15:00:00,140.5
2025-06-13 16:00:00,159.9
2025-06-13 17:00:00,174.7
2025-06-13 18:00:00,386.6
2025-06-13 19:00:00,438.3
2025-06-13 20:00:00,237.8
2025-06-13 21:00:00,288.8
2025-06-13 22:00:00,391.5
2025-06-13 23:00:00,429.8
2025-06-14 00:00:00,229.8
2025-06-14 12:00:00,10.5
2025-06-14 13:00:00,12.2
2025-06-14 14:00:00,73.6
2025-06-14 15:00:00,117.6
2025-06-14 16:00:00,116.0
2025-06-14 17:00:00,217.1
2025-06-14 18:00:00,207.8
2025-06-14 19:00:00,186.0
2025-06-14 20:00:00,149.1
2025-06-14 21:00:00,175.6
2025-06-14 22:00:00,303.1
2025-06-14 23:00:00,185.7
2025-06-15 00:00:00,68.4
2025-06-15 12:00:00,3.5
2025-06-15 13:00:00,73.8
2025-06-15 14:00:00,157.1
2025-06-15 15:00:00,301.3
2025-06-15 16:00:00,374.7
2025-06-15 17:00:00,413.7
2025-06-15 18:00:00,364.1
2025-06-15 19:00:00,537.9
2025-06-15 20:00:00,270.3
2025-06-15 21:00:00,146.2
2025-06-15 22:00:00,254.70000000000002
2025-06-15 23:00:00,133.29999999999998
2025-06-16 12:00:00,21.6
2025-06-16 13:00:00,34.9
2025-06-16 14:00:00,48.099999999999994
2025-06-16 15:00:00,153.0
2025-06-16 16:00:00,176.2
2025-06-16 17:00:00,174.6
2025-06-16 18:00:00,251.9
2025-06-16 19:00:00,238.0
2025-06-16 20:00:00,130.20000000000002
2025-06-16 21:00:00,225.0
2025-06-16 22:00:00,218.6
2025-06-16 23:00:00,118.8
2025-06-17 12:00:00,25.5
2025-06-17 13:00:00,13.299999999999999
2025-06-17 14:00:00,50.5
2025-06-17 15:00:00,85.3
2025-06-17 16:00:00,140.5
2025-06-17 17:00:00,177.8
2025-06-17 18:00:00,335.1
2025-06-17 19:00:00,296.0
2025-06-17 20:00:00,168.9
2025-06-17 21:00:00,122.9
2025-06-17 22:00:00,251.5
2025-06-17 23:00:00,134.9
2025-06-18 12:00:00,13.9
2025-06-18 13:00:00,49.8
2025-06-18 14:00:00,47.400000000000006
2025-06-18 15:00:00,107.4
2025-06-18 16:00:00,128.5
2025-06-18 17:00:00,133.6
2025-06-18 18:00:00,275.0
2025-06-18 19:00:00,268.0
2025-06-18 20:00:00,209.9
2025-06-18 21:00:00,182.8
2025-06-18 22:00:00,224.8
2025-06-18 23:00:00,210.0
2025-06-19 00:00:00,24.7
2025-06-19 12:00:00,3.8
2025-06-19 13:00:00,27.4
2025-06-19 14:00:00,128.1
2025-06-19 15:00:00,127.6
2025-06-19 16:00:00,174.9
2025-06-19 17:00:00,155.8
2025-06-19 18:00:00,221.1
2025-06-19 19:00:00,228.4
2025-06-19 20:00:00,191.1
2025-06-19 21:00:00,198.3
2025-06-19 22:00:00,348.5
2025-06-19 23:00:00,228.70000000000002
2025-06-20 12:00:00,83.6
2025-06-20 13:00:00,19.200000000000003
2025-06-20 14:00:00,72.3
2025-06-20 15:00:00,89.3
2025-06-20 16:00:00,216.7
2025-06-20 17:00:00,115.1
2025-06-20 18:00:00,221.4
2025-06-20 19:00:00,380.7
2025-06-20 20:00:00,277.4
2025-06-20 21:00:00,306.2
2025-06-20 22:00:00,497.1
2025-06-20 23:00:00,456.90000000000003
2025-06-21 00:00:00,203.0
2025-06-21 12:00:00,26.6
2025-06-21 13:00:00,20.3
2025-06-21 14:00:00,34.6
2025-06-21 15:00:00,267.9
2025-06-21 16:00:00,388.40000000000003
2025-06-21 17:00:00,278.4
2025-06-21 18:00:00,309.5
2025-06-21 19:00:00,161.9
2025-06-21 20:00:00,27.3
2025-06-21 21:00:00,170.1
2025-06-21 22:00:00,256.6
2025-06-21 23:00:00,239.70000000000002
2025-06-22 00:00:00,115.30000000000001
2025-06-22 12:00:00,9.200000000000001
2025-06-22 13:00:00,79.6
2025-06-22 14:00:00,184.7
2025-06-22 15:00:00,274.7
2025-06-22 16:00:00,436.4
2025-06-22 17:00:00,342.7
2025-06-22 18:00:00,452.1
2025-06-22 19:00:00,523.5
2025-06-22 20:00:00,256.0
2025-06-22 21:00:00,242.8
2025-06-22 22:00:00,167.7
2025-06-22 23:00:00,241.6
2025-06-23 13:00:00,7.4
2025-06-23 14:00:00,49.9
2025-06-23 15:00:00,105.7
2025-06-23 16:00:00,109.7
2025-06-23 17:00:00,153.70000000000002
2025-06-23 18:00:00,308.7
2025-06-23 19:00:00,217.5
2025-06-23 20:00:00,139.8
2025-06-23 21:00:00,134.7
2025-06-23 22:00:00,112.7
2025-06-23 23:00:00,129.3
2025-06-24 12:00:00,48.3
2025-06-24 13:00:00,37.5
2025-06-24 14:00:00,66.6
2025-06-24 15:00:00,135.1
2025-06-24 16:00:00,237.7
2025-06-24 17:00:00,272.5
2025-06-24 18:00:00,310.1
2025-06-24 19:00:00,426.1
2025-06-24 20:00:00,295.1
2025-06-24 21:00:00,86.6
2025-06-24 22:00:00,132.70000000000002
2025-06-24 23:00:00,130.4
2025-06-25 12:00:00,12.5
2025-06-25 13:00:00,18.5
2025-06-25 14:00:00,56.8
2025-06-25 15:00:00,125.1
2025-06-25 16:00:00,158.4
2025-06-25 17:00:00,201.9
2025-06-25 18:00:00,292.4
2025-06-25 19:00:00,297.1
2025-06-25 20:00:00,194.2
2025-06-25 21:00:00,271.5
2025-06-25 22:00:00,273.5
2025-06-25 23:00:00,259.3
2025-06-26 00:00:00,6.2
2025-06-26 12:00:00,26.2
2025-06-26 13:00:00,87.2
2025-06-26 14:00:00,77.6
2025-06-26 15:00:00,75.2
2025-06-26 16:00:00,155.1
2025-06-26 17:00:00,152.4
2025-06-26 18:00:00,430.1
2025-06-26 19:00:00,262.6
2025-06-26 20:00:00,187.7
2025-06-26 21:00:00,169.70000000000002
2025-06-26 22:00:00,274.6
2025-06-26 23:00:00,288.5
2025-06-27 00:00:00,6.2
2025-06-27 12:00:00,10.5
2025-06-27 13:00:00,89.6
2025-06-27 14:00:00,29.9
2025-06-27 15:00:00,179.7
2025-06-27 16:00:00,154.2
2025-06-27 17:00:00,195.0
2025-06-27 18:00:00,308.8
2025-06-27 19:00:00,451.3
2025-06-27 20:00:00,149.4
2025-06-27 21:00:00,229.9
2025-06-27 22:00:00,536.1
2025-06-27 23:00:00,435.6
2025-06-28 00:00:00,329.90000000000003
2025-06-28 12:00:00,16.2
2025-06-28 13:00:00,24.9
2025-06-28 14:00:00,113.9
2025-06-28 15:00:00,239.8
2025-06-28 16:00:00,295.8
2025-06-28 17:00:00,274.3
2025-06-28 18:00:00,460.6
2025-06-28 19:00:00,408.0
2025-06-28 20:00:00,313.3
2025-06-28 21:00:00,232.8
2025-06-28 22:00:00,425.4
2025-06-28 23:00:00,389.5
2025-06-29 00:00:00,351.4
2025-06-29 01:00:00,29.6
2025-06-29 12:00:00,28.6
2025-06-29 13:00:00,99.60000000000001
2025-06-29 14:00:00,122.4
2025-06-29 15:00:00,307.0
2025-06-29 16:00:00,378.8
2025-06-29 17:00:00,331.0
2025-06-29 18:00:00,187.1
2025-06-29 19:00:00,186.0
2025-06-29 20:00:00,239.8
2025-06-29 21:00:00,404.2
2025-06-29 22:00:00,376.1
2025-06-29 23:00:00,373.90000000000003
2025-06-30 00:00:00,102.9
2025-06-30 12:00:00,22.1
2025-06-30 13:00:00,37.6
2025-06-30 14:00:00,55.3
2025-06-30 15:00:00,108.7
2025-06-30 16:00:00,93.0
2025-06-30 17:00:00,211.9
2025-06-30 18:00:00,422.1
2025-06-30 19:00:00,304.8
2025-06-30 20:00:00,283.8
2025-06-30 21:00:00,133.3
2025-06-30 22:00:00,254.1
2025-06-30 23:00:00,271.1
2025-07-01 00:00:00,20.0
2025-07-01 12:00:00,51.8
2025-07-01 13:00:00,12.5
2025-07-01 14:00:00,39.7
2025-07-01 15:00:00,88.8
2025-07-01 16:00:00,127.8
2025-07-01 17:00:00,169.7
2025-07-01 18:00:00,193.4
2025-07-01 19:00:00,135.6
2025-07-01 20:00:00,230.3
2025-07-01 21:00:00,153.6
2025-07-01 22:00:00,172.8
2025-07-01 23:00:00,155.8
2025-07-02 00:00:00,6.2
2025-07-02 12:00:00,16.2
2025-07-02 13:00:00,6.800000000000001
2025-07-02 14:00:00,12.7
2025-07-02 15:00:00,146.70000000000002
2025-07-02 16:00:00,193.9
2025-07-02 17:00:00,121.8
2025-07-02 18:00:00,146.5
2025-07-02 19:00:00,272.6
2025-07-02 20:00:00,193.20000000000002
2025-07-02 21:00:00,127.60000000000001
2025-07-02 22:00:00,211.3
2025-07-02 23:00:00,177.6
2025-07-03 00:00:00,26.1
2025-07-03 12:00:00,18.3
2025-07-03 13:00:00,30.6
2025-07-03 14:00:00,99.9
2025-07-03 15:00:00,215.9
2025-07-03 16:00:00,72.8
2025-07-03 17:00:00,222.0
2025-07-03 18:00:00,272.1
2025-07-03 19:00:00,419.4
2025-07-03 20:00:00,335.7
2025-07-03 21:00:00,178.5
2025-07-03 22:00:00,372.6
2025-07-03 23:00:00,173.2
2025-07-04 00:00:00,16.8
2025-07-04 12:00:00,26.2
2025-07-04 13:00:00,52.5
2025-07-04 14:00:00,105.8
2025-07-04 15:00:00,224.20000000000002
2025-07-04 16:00:00,93.3
2025-07-04 17:00:00,240.3
2025-07-04 18:00:00,274.7
2025-07-04 19:00:00,345.8
2025-07-04 20:00:00,188.2
2025-07-04 21:00:00,232.9
2025-07-04 22:00:00,417.40000000000003
2025-07-04 23:00:00,389.5
2025-07-05 00:00:00,248.8
2025-07-05 01:00:00,6.6
2025-07-05 12:00:00,32.199999999999996
2025-07-05 13:00:00,55.9
2025-07-05 14:00:00,53.7
2025-07-05 15:00:00,232.6
2025-07-05 16:00:00,290.0
2025-07-05 17:00:00,359.40000000000003
2025-07-05 18:00:00,444.2
2025-07-05 19:00:00,419.2
2025-07-05 20:00:00,420.3
2025-07-05 21:00:00,359.2
2025-07-05 22:00:00,528.5
2025-07-05 23:00:00,499.8
2025-07-06 00:00:00,459.9
2025-07-06 01:00:00,9.3
2025-07-06 12:00:00,9.8
2025-07-06 13:00:00,77.4
2025-07-06 14:00:00,111.0
2025-07-06 15:00:00,295.2
2025-07-06 16:00:00,337.2
2025-07-06 17:00:00,325.0
2025-07-06 18:00:00,397.2
2025-07-06 19:00:00,495.1
2025-07-06 20:00:00,375.9
2025-07-06 21:00:00,134.2
2025-07-06 22:00:00,117.3
2025-07-06 23:00:00,46.3
2025-07-07 12:00:00,23.6
2025-07-07 13:00:00,10.5
2025-07-07 14:00:00,42.5
2025-07-07 15:00:00,134.4
2025-07-07 16:00:00,180.0
2025-07-07 17:00:00,165.2
2025-07-07 18:00:00,268.3
2025-07-07 19:00:00,214.1
2025-07-07 20:00:00,185.6
2025-07-07 21:00:00,209.9
2025-07-07 22:00:00,199.9
2025-07-07 23:00:00,208.3
2025-07-08 00:00:00,40.1
2025-07-08 12:00:00,3.7
2025-07-08 13:00:00,81.60000000000001
2025-07-08 14:00:00,60.2
2025-07-08 15:00:00,172.5
2025-07-08 16:00:00,155.7
2025-07-08 17:00:00,133.3
2025-07-08 18:00:00,217.1
2025-07-08 19:00:00,260.9
2025-07-08 20:00:00,335.8
2025-07-08 21:00:00,187.5
2025-07-08 22:00:00,199.3
2025-07-08 23:00:00,188.3
2025-07-09 00:00:00,42.3
2025-07-09 12:00:00,16.5
2025-07-09 13:00:00,69.8
2025-07-09 14:00:00,63.7
2025-07-09 15:00:00,110.6
2025-07-09 16:00:00,135.20000000000002
2025-07-09 17:00:00,210.0
2025-07-09 18:00:00,294.8
2025-07-09 19:00:00,256.2
2025-07-09 20:00:00,273.2
2025-07-09 21:00:00,318.90000000000003
2025-07-09 22:00:00,353.90000000000003
2025-07-09 23:00:00,243.8
2025-07-10 00:00:00,12.4
2025-07-10 13:00:00,77.3
2025-07-10 14:00:00,88.2
2025-07-10 15:00:00,137.4
2025-07-10 16:00:00,170.3
2025-07-10 17:00:00,185.7
2025-07-10 18:00:00,262.7
2025-07-10 19:00:00,465.8
2025-07-10 20:00:00,243.3
2025-07-10 21:00:00,297.6
2025-07-10 22:00:00,404.6
2025-07-10 23:00:00,241.3
2025-07-11 00:00:00,55.7
2025-07-11 12:00:00,28.4
2025-07-11 13:00:00,62.7
2025-07-11 14:00:00,45.8
2025-07-11 15:00:00,67.3
2025-07-11 16:00:00,82.7
2025-07-11 17:00:00,234.9
2025-07-11 18:00:00,320.1
2025-07-11 19:00:00,407.7
2025-07-11 20:00:00,205.3
2025-07-11 21:00:00,149.8
2025-07-11 22:00:00,229.70000000000002
2025-07-11 23:00:00,155.8
2025-07-12 00:00:00,82.2
2025-07-12 12:00:00,32.9
2025-07-12 13:00:00,63.5
2025-07-12 14:00:00,116.4
2025-07-12 15:00:00,250.9
2025-07-12 16:00:00,253.7
2025-07-12 17:00:00,318.6
2025-07-12 18:00:00,486.90000000000003
2025-07-12 19:00:00,413.5
2025-07-12 20:00:00,417.3
2025-07-12 21:00:00,308.3
2025-07-12 22:00:00,341.0
2025-07-12 23:00:00,440.1
2025-07-13 00:00:00,270.0
2025-07-13 12:00:00,50.8
2025-07-13 13:00:00,139.2
2025-07-13 14:00:00,233.8
2025-07-13 15:00:00,238.70000000000002
2025-07-13 16:00:00,287.8
2025-07-13 17:00:00,437.8
2025-07-13 18:00:00,385.1
2025-07-13 19:00:00,536.9
2025-07-13 20:00:00,319.3
2025-07-13 21:00:00,268.6
2025-07-13 22:00:00,279.2
2025-07-13 23:00:00,289.7
2025-07-14 00:00:00,67.5
2025-07-14 12:00:00,2.5
2025-07-14 13:00:00,27.5
2025-07-14 14:00:00,72.5
2025-07-14 15:00:00,72.9
2025-07-14 16:00:00,147.3
2025-07-14 17:00:00,314.3
2025-07-14 18:00:00,304.8
2025-07-14 19:00:00,402.0
2025-07-14 20:00:00,276.5
2025-07-14 21:00:00,189.0
2025-07-14 22:00:00,389.8
2025-07-14 23:00:00,158.4
2025-07-15 00:00:00,27.1
2025-07-15 13:00:00,69.3
2025-07-15 14:00:00,64.5
2025-07-15 15:00:00,166.8
2025-07-15 16:00:00,157.8
2025-07-15 17:00:00,211.9
2025-07-15 18:00:00,356.90000000000003
2025-07-15 19:00:00,352.1
2025-07-15 20:00:00,306.0
2025-07-15 21:00:00,151.8
2025-07-15 22:00:00,389.3
2025-07-15 23:00:00,327.7
2025-07-16 00:00:00,67.2
2025-07-16 12:00:00,23.2
2025-07-16 13:00:00,103.69999999999999
2025-07-16 14:00:00,111.0
2025-07-16 15:00:00,195.8
2025-07-16 16:00:00,206.6
2025-07-16 17:00:00,317.6
2025-07-16 18:00:00,308.8
2025-07-16 19:00:00,281.6
2025-07-16 20:00:00,238.5
2025-07-16 21:00:00,247.5
2025-07-16 22:00:00,353.1
2025-07-16 23:00:00,340.0
2025-07-17 00:00:00,141.1
2025-07-17 12:00:00,3.1
2025-07-17 13:00:00,45.9
2025-07-17 14:00:00,59.5
2025-07-17 15:00:00,143.8
2025-07-17 16:00:00,194.9
2025-07-17 17:00:00,310.2
2025-07-17 18:00:00,370.2
2025-07-17 19:00:00,316.0
2025-07-17 20:00:00,217.1
2025-07-17 21:00:00,214.0
2025-07-17 22:00:00,276.0
2025-07-17 23:00:00,230.9
2025-07-18 00:00:00,90.2
2025-07-18 12:00:00,26.1
2025-07-18 13:00:00,26.6
2025-07-18 14:00:00,79.8
2025-07-18 15:00:00,186.4
2025-07-18 16:00:00,285.2
2025-07-18 17:00:00,261.4
2025-07-18 18:00:00,410.5
2025-07-18 19:00:00,414.0
2025-07-18 20:00:00,348.1
2025-07-18 21:00:00,211.4
2025-07-18 22:00:00,365.3
2025-07-18 23:00:00,309.2
2025-07-19 00:00:00,330.2
2025-07-19 01:00:00,61.099999999999994
2025-07-19 12:00:00,27.4
2025-07-19 13:00:00,58.2
2025-07-19 14:00:00,134.5
2025-07-19 15:00:00,403.9
2025-07-19 16:00:00,309.0
2025-07-19 17:00:00,417.7
2025-07-19 18:00:00,447.6
2025-07-19 19:00:00,477.9
2025-07-19 20:00:00,324.6
2025-07-19 21:00:00,347.8
2025-07-19 22:00:00,375.7
2025-07-19 23:00:00,481.8
2025-07-20 00:00:00,448.3
2025-07-20 01:00:00,86.10000000000001
2025-07-20 12:00:00,59.2
2025-07-20 13:00:00,124.1
2025-07-20 14:00:00,204.0
2025-07-20 15:00:00,293.1
2025-07-20 16:00:00,494.6
2025-07-20 17:00:00,496.42
2025-07-20 18:00:00,581.0
2025-07-20 19:00:00,424.6
2025-07-20 20:00:00,515.7
2025-07-20 21:00:00,260.7
2025-07-20 22:00:00,327.0
2025-07-20 23:00:00,209.4
2025-07-21 00:00:00,239.9
2025-07-21 01:00:00,49.4
2025-07-21 12:00:00,3.1
2025-07-21 13:00:00,32.0
2025-07-21 14:00:00,57.300000000000004
2025-07-21 15:00:00,145.4
2025-07-21 16:00:00,208.2
2025-07-21 17:00:00,274.4
2025-07-21 18:00:00,387.2
2025-07-21 19:00:00,396.7
2025-07-21 20:00:00,317.9
2025-07-21 21:00:00,202.9
2025-07-21 22:00:00,366.1
2025-07-21 23:00:00,387.0
2025-07-22 00:00:00,242.6
2025-07-22 01:00:00,35.0
2025-07-22 12:00:00,20.7
2025-07-22 13:00:00,18.6
2025-07-22 14:00:00,48.6
2025-07-22 15:00:00,160.4
2025-07-22 16:00:00,271.0
2025-07-22 17:00:00,194.9
2025-07-22 18:00:00,330.7
2025-07-22 19:00:00,414.9
2025-07-22 20:00:00,356.0
2025-07-22 21:00:00,325.6
2025-07-22 22:00:00,420.2
2025-07-22 23:00:00,409.2
2025-07-23 00:00:00,135.4
2025-07-23 01:00:00,33.6
2025-07-23 12:00:00,7.0
2025-07-23 13:00:00,14.2
2025-07-23 14:00:00,81.0
2025-07-23 15:00:00,148.70000000000002
2025-07-23 16:00:00,254.3
2025-07-23 17:00:00,117.2
2025-07-23 18:00:00,211.1
2025-07-23 19:00:00,352.9
2025-07-23 20:00:00,146.20000000000002
2025-07-23 21:00:00,208.1
2025-07-23 22:00:00,380.0
2025-07-23 23:00:00,392.9
2025-07-24 00:00:00,204.20000000000002
2025-07-24 01:00:00,30.6
2025-07-24 13:00:00,54.5
2025-07-24 14:00:00,43.7
2025-07-24 15:00:00,282.6
2025-07-24 16:00:00,186.6
2025-07-24 17:00:00,270.9
2025-07-24 18:00:00,409.8
2025-07-24 19:00:00,315.5
2025-07-24 20:00:00,199.7
2025-07-24 21:00:00,264.59999999999997
2025-07-24 22:00:00,346.3
2025-07-24 23:00:00,258.3
2025-07-25 00:00:00,244.0
2025-07-25 01:00:00,43.300000000000004
2025-07-25 12:00:00,16.2
2025-07-25 13:00:00,63.5
2025-07-25 14:00:00,52.1
2025-07-25 15:00:00,230.4
2025-07-25 16:00:00,486.1
2025-07-25 17:00:00,524.0
2025-07-25 18:00:00,525.3
2025-07-25 19:00:00,576.0
2025-07-25 20:00:00,269.7
2025-07-25 21:00:00,334.7
2025-07-25 22:00:00,512.9
2025-07-25 23:00:00,483.4
2025-07-26 00:00:00,343.8
2025-07-26 01:00:00,162.5
2025-07-26 12:00:00,15.2
2025-07-26 13:00:00,32.5
2025-07-26 14:00:00,150.70000000000002
2025-07-26 15:00:00,357.7
2025-07-26 16:00:00,447.2
2025-07-26 17:00:00,437.9
2025-07-26 18:00:00,482.0
2025-07-26 19:00:00,562.1
2025-07-26 20:00:00,363.4
2025-07-26 21:00:00,300.2
2025-07-26 22:00:00,380.5
2025-07-26 23:00:00,408.1
2025-07-27 00:00:00,226.9
2025-07-27 01:00:00,44.1
2025-07-27 13:00:00,98.69999999999999
2025-07-27 14:00:00,203.1
2025-07-27 15:00:00,279.1
2025-07-27 16:00:00,451.5
2025-07-27 17:00:00,499.9
2025-07-27 18:00:00,504.5
2025-07-27 19:00:00,616.1
2025-07-27 20:00:00,437.5
2025-07-27 21:00:00,298.8
2025-07-27 22:00:00,241.8
2025-07-27 23:00:00,278.90000000000003
2025-07-28 00:00:00,153.9
2025-07-28 01:00:00,56.400000000000006
2025-07-28 12:00:00,5.0
2025-07-28 13:00:00,44.2
2025-07-28 14:00:00,109.4
2025-07-28 15:00:00,277.0
2025-07-28 16:00:00,412.4
2025-07-28 17:00:00,411.8
2025-07-28 18:00:00,562.7
2025-07-28 19:00:00,570.4
2025-07-28 20:00:00,447.6
2025-07-28 21:00:00,259.5
2025-07-28 22:00:00,334.7
2025-07-28 23:00:00,391.0
2025-07-29 00:00:00,66.0
2025-07-29 13:00:00,33.0
2025-07-29 14:00:00,153.1
2025-07-29 15:00:00,269.4
2025-07-29 16:00:00,241.8
2025-07-29 17:00:00,211.3
2025-07-29 18:00:00,416.6
2025-07-29 19:00:00,437.40000000000003
2025-07-29 20:00:00,278.2
2025-07-29 21:00:00,347.6
2025-07-29 22:00:00,339.6
2025-07-29 23:00:00,410.7
2025-07-30 00:00:00,126.10000000000001
2025-07-30 12:00:00,6.3
2025-07-30 13:00:00,36.5
2025-07-30 14:00:00,30.5
2025-07-30 15:00:00,153.6
2025-07-30 16:00:00,232.6
2025-07-30 17:00:00,352.5
2025-07-30 18:00:00,366.1
2025-07-30 19:00:00,380.8
2025-07-30 20:00:00,275.9
2025-07-30 21:00:00,273.7
2025-07-30 22:00:00,414.6
2025-07-30 23:00:00,208.3
2025-07-31 00:00:00,101.60000000000001
2025-07-31 01:00:00,3.1
2025-07-31 12:00:00,15.4
2025-07-31 13:00:00,87.1
2025-07-31 14:00:00,73.0
2025-07-31 15:00:00,181.9
2025-07-31 16:00:00,197.7
2025-07-31 17:00:00,197.0
2025-07-31 18:00:00,381.2
2025-07-31 19:00:00,357.7
2025-07-31 20:00:00,201.9
2025-07-31 21:00:00,205.1
2025-07-31 22:00:00,245.9
2025-07-31 23:00:00,251.1
2025-08-01 00:00:00,119.5
2025-08-01 01:00:00,108.10000000000001
2025-08-01 12:00:00,20.1
2025-08-01 13:00:00,108.4
2025-08-01 14:00:00,59.300000000000004
2025-08-01 15:00:00,190.8
2025-08-01 16:00:00,293.9
2025-08-01 17:00:00,268.8
2025-08-01 18:00:00,452.2
2025-08-01 19:00:00,467.6
2025-08-01 20:00:00,324.0
2025-08-01 21:00:00,278.5
2025-08-01 22:00:00,420.0
2025-08-01 23:00:00,481.6
2025-08-02 00:00:00,274.3
2025-08-02 01:00:00,96.8
2025-08-02 12:00:00,34.5
2025-08-02 13:00:00,174.3
2025-08-02 14:00:00,122.0
2025-08-02 15:00:00,265.40000000000003
2025-08-02 16:00:00,406.4
2025-08-02 17:00:00,511.9
2025-08-02 18:00:00,436.3
2025-08-02 19:00:00,533.5
2025-08-02 20:00:00,468.8
2025-08-02 21:00:00,439.9
2025-08-02 22:00:00,551.2
2025-08-02 23:00:00,590.1
2025-08-03 00:00:00,304.0
2025-08-03 01:00:00,42.6
2025-08-03 12:00:00,6.2
2025-08-03 13:00:00,85.1
2025-08-03 14:00:00,125.0
2025-08-03 15:00:00,335.8
2025-08-03 16:00:00,335.0
2025-08-03 17:00:00,424.2
2025-08-03 18:00:00,477.2
2025-08-03 19:00:00,538.7
2025-08-03 20:00:00,501.8
2025-08-03 21:00:00,401.4
2025-08-03 22:00:00,376.8
2025-08-03 23:00:00,305.2
2025-08-04 00:00:00,115.4
2025-08-04 01:00:00,17.5
2025-08-04 12:00:00,21.700000000000003
2025-08-04 13:00:00,9.3
2025-08-04 14:00:00,39.2
2025-08-04 15:00:00,170.3
2025-08-04 16:00:00,146.3
2025-08-04 17:00:00,170.3
2025-08-04 18:00:00,331.8
2025-08-04 19:00:00,333.6
2025-08-04 20:00:00,460.9
2025-08-04 21:00:00,170.7
2025-08-04 22:00:00,386.5
2025-08-04 23:00:00,379.7
2025-08-05 00:00:00,184.1
2025-08-05 12:00:00,14.4
2025-08-05 13:00:00,49.2
2025-08-05 14:00:00,84.4
2025-08-05 15:00:00,166.6
2025-08-05 16:00:00,197.5
2025-08-05 17:00:00,261.1
2025-08-05 18:00:00,455.5
2025-08-05 19:00:00,390.6
2025-08-05 20:00:00,274.3
2025-08-05 21:00:00,220.0
2025-08-05 22:00:00,174.7
2025-08-05 23:00:00,242.9
2025-08-06 00:00:00,31.900000000000002
2025-08-06 01:00:00,21.2
2025-08-06 12:00:00,14.4
2025-08-06 13:00:00,72.9
2025-08-06 14:00:00,87.2
2025-08-06 15:00:00,227.1
2025-08-06 16:00:00,201.8
2025-08-06 17:00:00,231.1
2025-08-06 18:00:00,360.6
2025-08-06 19:00:00,451.4
2025-08-06 20:00:00,344.1
2025-08-06 21:00:00,280.2
2025-08-06 22:00:00,367.1
2025-08-06 23:00:00,363.7
2025-08-07 00:00:00,184.6
2025-08-07 01:00:00,17.6
2025-08-07 14:00:00,255.5
2025-08-07 15:00:00,270.3
2025-08-07 16:00:00,267.2
2025-08-07 17:00:00,328.1
2025-08-07 18:00:00,387.6
2025-08-07 19:00:00,489.0
2025-08-07 20:00:00,351.3
2025-08-07 21:00:00,260.0
2025-08-07 22:00:00,441.1
2025-08-07 23:00:00,448.9
2025-08-08 00:00:00,245.1
2025-08-08 01:00:00,13.0
2025-08-08 12:00:00,13.1
2025-08-08 13:00:00,16.2
2025-08-08 14:00:00,107.6
2025-08-08 15:00:00,256.0
2025-08-08 16:00:00,243.0
2025-08-08 17:00:00,330.3
2025-08-08 18:00:00,300.40000000000003
2025-08-08 19:00:00,599.6
2025-08-08 20:00:00,379.4
2025-08-08 21:00:00,326.9
2025-08-08 22:00:00,423.3
2025-08-08 23:00:00,449.0
2025-08-09 00:00:00,377.2
2025-08-09 01:00:00,38.800000000000004
2025-08-09 12:00:00,7.4
2025-08-09 13:00:00,111.80000000000001
2025-08-09 14:00:00,78.3
2025-08-09 15:00:00,240.8
2025-08-09 16:00:00,322.5
2025-08-09 17:00:00,337.8
2025-08-09 18:00:00,427.4
2025-08-09 19:00:00,464.3
2025-08-09 20:00:00,387.6
2025-08-09 21:00:00,336.4
2025-08-09 22:00:00,318.6
2025-08-09 23:00:00,420.9
2025-08-10 00:00:00,391.0
2025-08-10 01:00:00,52.0
2025-08-10 12:00:00,65.2
2025-08-10 13:00:00,92.30000000000001
2025-08-10 14:00:00,206.6
2025-08-10 15:00:00,240.8
2025-08-10 16:00:00,350.40000000000003
2025-08-10 17:00:00,328.5
2025-08-10 18:00:00,587.6
2025-08-10 19:00:00,534.9
2025-08-10 20:00:00,470.3
2025-08-10 21:00:00,541.8
2025-08-10 22:00:00,466.1
2025-08-10 23:00:00,476.1
2025-08-11 00:00:00,120.3
2025-08-11 12:00:00,15.3
2025-08-11 13:00:00,57.199999999999996
2025-08-11 14:00:00,98.6
2025-08-11 15:00:00,256.1
2025-08-11 16:00:00,324.6
2025-08-11 17:00:00,250.6
2025-08-11 18:00:00,424.1
2025-08-11 19:00:00,368.1
2025-08-11 20:00:00,288.8
2025-08-11 21:00:00,195.5
2025-08-11 22:00:00,294.7
2025-08-11 23:00:00,253.4
2025-08-12 00:00:00,137.0
2025-08-12 01:00:00,16.0
2025-08-12 12:00:00,23.7
2025-08-12 13:00:00,50.400000000000006
2025-08-12 14:00:00,132.20000000000002
2025-08-12 15:00:00,263.6
2025-08-12 16:00:00,236.20000000000002
2025-08-12 17:00:00,317.7
2025-08-12 18:00:00,341.8
2025-08-12 19:00:00,392.2
2025-08-12 20:00:00,243.8
2025-08-12 21:00:00,229.6
2025-08-12 22:00:00,339.1
2025-08-12 23:00:00,331.8
2025-08-13 00:00:00,123.10000000000001
2025-08-13 12:00:00,65.3
2025-08-13 13:00:00,14.200000000000001
2025-08-13 14:00:00,119.2
2025-08-13 15:00:00,235.0
2025-08-13 16:00:00,316.3
2025-08-13 17:00:00,333.4
2025-08-13 18:00:00,181.1
2025-08-13 19:00:00,180.8
2025-08-13 20:00:00,156.3
2025-08-13 21:00:00,131.9
2025-08-13 22:00:00,323.0
2025-08-13 23:00:00,471.5
2025-08-14 00:00:00,178.0
2025-08-14 12:00:00,28.2
2025-08-14 13:00:00,41.3
2025-08-14 14:00:00,99.5
2025-08-14 15:00:00,270.9
2025-08-14 16:00:00,251.0
2025-08-14 17:00:00,248.8
2025-08-14 18:00:00,346.4
2025-08-14 19:00:00,409.5
2025-08-14 20:00:00,240.70000000000002
2025-08-14 21:00:00,278.7
2025-08-14 22:00:00,318.0
2025-08-14 23:00:00,324.3
2025-08-15 00:00:00,199.10000000000002
2025-08-15 01:00:00,26.6
2025-08-15 13:00:00,161.1
2025-08-15 14:00:00,104.6
2025-08-15 15:00:00,240.6
2025-08-15 16:00:00,254.7
2025-08-15 17:00:00,297.5
2025-08-15 18:00:00,388.8
2025-08-15 19:00:00,552.2
2025-08-15 20:00:00,378.1
2025-08-15 21:00:00,422.4
2025-08-15 22:00:00,385.6
2025-08-15 23:00:00,468.9
2025-08-16 00:00:00,324.6
2025-08-16 01:00:00,26.6
2025-08-16 13:00:00,29.6
2025-08-16 14:00:00,160.5
2025-08-16 15:00:00,304.1
2025-08-16 16:00:00,363.4
2025-08-16 17:00:00,346.5
2025-08-16 18:00:00,413.9
2025-08-16 19:00:00,482.1
2025-08-16 20:00:00,345.2
2025-08-16 21:00:00,283.3
2025-08-16 22:00:00,510.6
2025-08-16 23:00:00,586.5
2025-08-17 00:00:00,368.6
2025-08-17 01:00:00,41.4
2025-08-17 12:00:00,52.3
2025-08-17 13:00:00,211.8
2025-08-17 14:00:00,93.5
2025-08-17 15:00:00,241.0
2025-08-17 16:00:00,326.1
2025-08-17 17:00:00,436.4
2025-08-17 18:00:00,472.5
2025-08-17 19:00:00,417.8
2025-08-17 20:00:00,444.90000000000003
2025-08-17 21:00:00,134.2
2025-08-17 22:00:00,325.6
2025-08-17 23:00:00,249.4
2025-08-18 00:00:00,40.0
2025-08-18 01:00:00,12.7
2025-08-18 12:00:00,66.7
2025-08-18 13:00:00,44.1
2025-08-18 14:00:00,95.9
2025-08-18 15:00:00,267.2
2025-08-18 16:00:00,312.7
2025-08-18 17:00:00,148.9
2025-08-18 18:00:00,247.3
2025-08-18 19:00:00,420.5
2025-08-18 20:00:00,210.6
2025-08-18 21:00:00,190.5
2025-08-18 22:00:00,353.6
2025-08-18 23:00:00,291.5
2025-08-19 00:00:00,66.4
2025-08-19 12:00:00,22.9
2025-08-19 13:00:00,43.7
2025-08-19 14:00:00,62.1
2025-08-19 15:00:00,165.2
2025-08-19 16:00:00,350.8
2025-08-19 17:00:00,293.4
2025-08-19 18:00:00,412.1
2025-08-19 19:00:00,265.3
2025-08-19 20:00:00,217.9
2025-08-19 21:00:00,258.2
2025-08-19 22:00:00,220.7
2025-08-19 23:00:00,175.1
2025-08-20 00:00:00,74.4
2025-08-20 13:00:00,7.3999999999999995
2025-08-20 14:00:00,7.4
2025-08-20 15:00:00,111.5
2025-08-20 16:00:00,170.0
2025-08-20 17:00:00,181.7
2025-08-20 18:00:00,275.3
2025-08-20 19:00:00,234.0
2025-08-20 20:00:00,316.3
2025-08-20 21:00:00,253.0
2025-08-20 22:00:00,352.1
2025-08-20 23:00:00,150.2
2025-08-21 00:00:00,33.7
2025-08-21 13:00:00,9.899999999999999
2025-08-21 14:00:00,87.0
2025-08-21 15:00:00,213.20000000000002
2025-08-21 16:00:00,182.1
2025-08-21 17:00:00,273.1
2025-08-21 18:00:00,354.8
2025-08-21 19:00:00,270.90000000000003
2025-08-21 20:00:00,186.9
2025-08-21 21:00:00,266.4
2025-08-21 22:00:00,352.5
2025-08-21 23:00:00,187.2
2025-08-22 00:00:00,130.7
2025-08-22 13:00:00,72.0
2025-08-22 14:00:00,63.4
2025-08-22 15:00:00,123.39999999999999
2025-08-22 16:00:00,244.1
2025-08-22 17:00:00,294.1
2025-08-22 18:00:00,460.7
2025-08-22 19:00:00,560.6
2025-08-22 20:00:00,287.9
2025-08-22 21:00:00,295.4
2025-08-22 22:00:00,466.4
2025-08-22 23:00:00,449.6
2025-08-23 00:00:00,288.0
2025-08-23 01:00:00,12.4
2025-08-23 12:00:00,13.7
2025-08-23 13:00:00,90.6
2025-08-23 14:00:00,94.1
2025-08-23 15:00:00,274.7
2025-08-23 16:00:00,261.9
2025-08-23 17:00:00,378.1
2025-08-23 18:00:00,424.1
2025-08-23 19:00:00,507.5
2025-08-23 20:00:00,397.1
2025-08-23 21:00:00,302.6
2025-08-23 22:00:00,536.3000000000001
2025-08-23 23:00:00,494.4
2025-08-24 00:00:00,282.5
2025-08-24 01:00:00,35.8
2025-08-24 12:00:00,20.0
2025-08-24 13:00:00,98.6
2025-08-24 14:00:00,123.0
2025-08-24 15:00:00,269.6
2025-08-24 16:00:00,385.1
2025-08-24 17:00:00,313.4
2025-08-24 18:00:00,565.3
2025-08-24 19:00:00,623.4
2025-08-24 20:00:00,537.2
2025-08-24 21:00:00,249.8
2025-08-24 22:00:00,414.4
2025-08-24 23:00:00,377.9
2025-08-25 00:00:00,146.8
2025-08-25 13:00:00,39.9
2025-08-25 14:00:00,75.1
2025-08-25 15:00:00,160.6
2025-08-25 16:00:00,228.9
2025-08-25 17:00:00,162.6
2025-08-25 18:00:00,245.5
2025-08-25 19:00:00,337.8
2025-08-25 20:00:00,237.10000000000002
2025-08-25 21:00:00,122.3
2025-08-25 22:00:00,382.4
2025-08-25 23:00:00,231.0
2025-08-26 00:00:00,96.9
2025-08-26 12:00:00,27.9
2025-08-26 13:00:00,33.1
2025-08-26 14:00:00,60.7
2025-08-26 15:00:00,163.0
2025-08-26 16:00:00,222.1
2025-08-26 17:00:00,389.7
2025-08-26 18:00:00,313.8
2025-08-26 19:00:00,319.3
2025-08-26 20:00:00,268.6
2025-08-26 21:00:00,213.4
2025-08-26 22:00:00,194.3
2025-08-26 23:00:00,204.3
2025-08-27 00:00:00,84.4
2025-08-27 12:00:00,16.9
2025-08-27 13:00:00,35.6
2025-08-27 14:00:00,70.2
2025-08-27 15:00:00,166.6
2025-08-27 16:00:00,255.4
2025-08-27 17:00:00,154.3
2025-08-27 18:00:00,219.7
2025-08-27 19:00:00,133.6
2025-08-27 20:00:00,104.6
2025-08-27 21:00:00,133.1
2025-08-27 22:00:00,155.5
2025-08-27 23:00:00,179.1
2025-08-28 00:00:00,95.6
2025-08-28 12:00:00,13.0
2025-08-28 13:00:00,25.4
2025-08-28 14:00:00,60.5
2025-08-28 15:00:00,234.1
2025-08-28 16:00:00,245.8
2025-08-28 17:00:00,249.1
2025-08-28 18:00:00,190.1
2025-08-28 19:00:00,143.8
2025-08-28 20:00:00,164.3
2025-08-28 21:00:00,115.6
2025-08-28 22:00:00,153.8
2025-08-28 23:00:00,165.1
2025-08-29 00:00:00,40.4
2025-08-29 12:00:00,26.7
2025-08-29 13:00:00,71.8
2025-08-29 14:00:00,61.2
2025-08-29 15:00:00,204.3
2025-08-29 16:00:00,209.0
2025-08-29 17:00:00,271.3
2025-08-29 18:00:00,266.1
2025-08-29 19:00:00,178.4
2025-08-29 20:00:00,103.5
2025-08-29 21:00:00,150.4
2025-08-29 22:00:00,100.3
2025-08-29 23:00:00,246.8
2025-08-30 00:00:00,97.3
2025-08-30 12:00:00,1.8
2025-08-30 13:00:00,13.8
2025-08-30 14:00:00,71.9
2025-08-30 15:00:00,154.8
2025-08-30 16:00:00,185.3
2025-08-30 17:00:00,314.0
2025-08-30 18:00:00,340.9
2025-08-30 19:00:00,383.8
2025-08-30 20:00:00,403.0
2025-08-30 21:00:00,320.5
2025-08-30 22:00:00,371.0
2025-08-30 23:00:00,422.7
2025-08-31 00:00:00,212.8
2025-08-31 01:00:00,15.3
2025-08-31 13:00:00,20.0
2025-08-31 14:00:00,22.0
2025-08-31 15:00:00,159.4
2025-08-31 16:00:00,272.2
2025-08-31 17:00:00,224.0
2025-08-31 18:00:00,396.6
2025-08-31 19:00:00,386.7
2025-08-31 20:00:00,324.6
2025-08-31 21:00:00,73.4
2025-08-31 22:00:00,142.6
2025-08-31 23:00:00,92.3
2025-09-01 00:00:00,54.2
2025-09-01 12:00:00,38.1
2025-09-01 13:00:00,25.799999999999997
2025-09-01 14:00:00,39.5
2025-09-01 15:00:00,58.7
2025-09-01 16:00:00,169.1
2025-09-01 17:00:00,211.9
2025-09-01 18:00:00,170.5
2025-09-01 19:00:00,245.7
2025-09-01 20:00:00,153.9
2025-09-01 21:00:00,169.9
2025-09-01 22:00:00,141.5
2025-09-01 23:00:00,105.2
2025-09-02 00:00:00,19.9
2025-09-02 12:00:00,41.4
2025-09-02 13:00:00,31.900000000000002
2025-09-02 14:00:00,65.4
2025-09-02 15:00:00,126.8
2025-09-02 16:00:00,213.9
2025-09-02 17:00:00,202.1
2025-09-02 18:00:00,197.2
2025-09-02 19:00:00,223.0
2025-09-02 20:00:00,159.0
2025-09-02 21:00:00,208.1
2025-09-02 22:00:00,240.0
2025-09-02 23:00:00,87.0
2025-09-03 00:00:00,33.6
2025-09-03 12:00:00,27.200000000000003
2025-09-03 13:00:00,18.5
2025-09-03 14:00:00,73.1
2025-09-03 15:00:00,127.4
2025-09-03 16:00:00,262.5
2025-09-03 17:00:00,164.1
2025-09-03 18:00:00,269.4
2025-09-03 19:00:00,227.3
2025-09-03 20:00:00,213.20000000000002
2025-09-03 21:00:00,180.8
2025-09-03 22:00:00,265.1
2025-09-03 23:00:00,65.9
2025-09-04 00:00:00,17.7
2025-09-04 13:00:00,8.9
2025-09-04 14:00:00,46.1
2025-09-04 15:00:00,164.9
2025-09-04 16:00:00,134.3
2025-09-04 17:00:00,113.1
2025-09-04 18:00:00,196.3
2025-09-04 19:00:00,260.4
2025-09-04 20:00:00,113.4
2025-09-04 21:00:00,81.8
2025-09-04 22:00:00,152.7
2025-09-04 23:00:00,158.9
2025-09-05 00:00:00,26.0
2025-09-05 12:00:00,23.2
2025-09-05 13:00:00,39.4
2025-09-05 14:00:00,41.8
2025-09-05 15:00:00,135.9
2025-09-05 16:00:00,158.9
2025-09-05 17:00:00,209.70000000000002
2025-09-05 18:00:00,249.6
2025-09-05 19:00:00,265.1
2025-09-05 20:00:00,240.7
2025-09-05 21:00:00,220.2
2025-09-05 22:00:00,308.0
2025-09-05 23:00:00,283.8
2025-09-06 00:00:00,168.7
2025-09-06 12:00:00,6.800000000000001
2025-09-06 13:00:00,112.2
2025-09-06 14:00:00,84.1
2025-09-06 15:00:00,132.6
2025-09-06 16:00:00,232.5
2025-09-06 17:00:00,213.8
2025-09-06 18:00:00,445.4
2025-09-06 19:00:00,398.5
2025-09-06 20:00:00,250.4
2025-09-06 21:00:00,275.3
2025-09-06 22:00:00,353.8
2025-09-06 23:00:00,266.5
2025-09-07 00:00:00,198.1
2025-09-07 12:00:00,42.5
2025-09-07 13:00:00,48.7
2025-09-07 14:00:00,177.7
2025-09-07 15:00:00,170.7
2025-09-07 16:00:00,297.40000000000003
2025-09-07 17:00:00,222.4
2025-09-07 18:00:00,352.4
2025-09-07 19:00:00,267.1
2025-09-07 20:00:00,167.0
2025-09-07 21:00:00,138.4
2025-09-07 22:00:00,106.1
2025-09-07 23:00:00,49.2
2025-09-08 12:00:00,5.8
2025-09-08 13:00:00,22.0
2025-09-08 14:00:00,20.8
2025-09-08 15:00:00,62.3
2025-09-08 16:00:00,80.5
2025-09-08 17:00:00,123.10000000000001
2025-09-08 18:00:00,89.5
2025-09-08 19:00:00,106.7
2025-09-08 20:00:00,66.4
2025-09-08 21:00:00,118.1
2025-09-08 22:00:00,47.599999999999994
2025-09-08 23:00:00,43.0
2025-09-09 12:00:00,17.3
2025-09-09 13:00:00,46.7
2025-09-09 14:00:00,34.0
2025-09-09 15:00:00,153.8
2025-09-09 16:00:00,224.79999999999998
2025-09-09 17:00:00,165.9
2025-09-09 18:00:00,280.2
2025-09-09 19:00:00,243.8
2025-09-09 20:00:00,265.1
2025-09-09 21:00:00,99.6
2025-09-09 22:00:00,128.5
2025-09-09 23:00:00,126.9
2025-09-10 13:00:00,11.1
2025-09-10 14:00:00,24.1
2025-09-10 15:00:00,57.4
2025-09-10 16:00:00,44.5
2025-09-10 17:00:00,45.1
2025-09-10 18:00:00,209.3
2025-09-10 19:00:00,147.5
2025-09-10 20:00:00,94.9
2025-09-10 21:00:00,108.7
2025-09-10 22:00:00,135.6
2025-09-10 23:00:00,93.0
2025-09-11 13:00:00,11.2
2025-09-11 14:00:00,27.2
2025-09-11 15:00:00,71.1
2025-09-11 16:00:00,118.3
2025-09-11 17:00:00,116.4
2025-09-11 18:00:00,99.5
2025-09-11 19:00:00,182.9
2025-09-11 20:00:00,51.0
2025-09-11 21:00:00,125.0
2025-09-11 22:00:00,118.7
2025-09-11 23:00:00,6.2
2025-09-12 13:00:00,9.0
2025-09-12 14:00:00,9.3
2025-09-12 15:00:00,108.0
2025-09-12 16:00:00,90.2
2025-09-12 17:00:00,119.1
2025-09-12 18:00:00,173.4
2025-09-12 19:00:00,126.10000000000001
2025-09-12 20:00:00,105.30000000000001
2025-09-12 21:00:00,96.0
2025-09-12 22:00:00,180.0
2025-09-12 23:00:00,186.8
2025-09-13 00:00:00,80.8
2025-09-13 12:00:00,3.1
2025-09-13 13:00:00,52.3
2025-09-13 14:00:00,152.3
2025-09-13 15:00:00,178.1
2025-09-13 16:00:00,348.7
2025-09-13 17:00:00,300.9
2025-09-13 18:00:00,424.90000000000003
2025-09-13 19:00:00,382.40000000000003
2025-09-13 20:00:00,321.4
2025-09-13 21:00:00,201.5
2025-09-13 22:00:00,330.7
2025-09-13 23:00:00,229.7
2025-09-14 00:00:00,183.8
2025-09-14 12:00:00,65.0
2025-09-14 13:00:00,77.9
2025-09-14 14:00:00,168.4
2025-09-14 15:00:00,222.0
2025-09-14 16:00:00,354.7
2025-09-14 17:00:00,314.6
2025-09-14 18:00:00,494.1
2025-09-14 19:00:00,457.1
2025-09-14 20:00:00,478.4
2025-09-14 21:00:00,312.0
2025-09-14 22:00:00,342.1
2025-09-14 23:00:00,144.6
2025-09-15 12:00:00,17.4
2025-09-15 13:00:00,78.4
2025-09-15 14:00:00,72.7
2025-09-15 15:00:00,122.10000000000001
2025-09-15 16:00:00,134.8
2025-09-15 17:00:00,120.5
2025-09-15 18:00:00,167.6
2025-09-15 19:00:00,194.8
2025-09-15 20:00:00,187.8
2025-09-15 21:00:00,171.1
2025-09-15 22:00:00,148.4
2025-09-15 23:00:00,141.0
2025-09-16 12:00:00,7.0
2025-09-16 13:00:00,25.6
2025-09-16 14:00:00,44.3
2025-09-16 15:00:00,94.4
2025-09-16 16:00:00,168.9
2025-09-16 17:00:00,143.9
2025-09-16 18:00:00,216.3
2025-09-16 19:00:00,161.4
2025-09-16 20:00:00,154.9
2025-09-16 21:00:00,105.2
2025-09-16 22:00:00,199.0
2025-09-16 23:00:00,98.4
2025-09-17 12:00:00,5.6
2025-09-17 13:00:00,10.5
2025-09-17 14:00:00,16.7
2025-09-17 15:00:00,97.8
2025-09-17 16:00:00,78.1
2025-09-17 17:00:00,105.9
2025-09-17 18:00:00,159.7
2025-09-17 19:00:00,201.5
2025-09-17 20:00:00,161.5
2025-09-17 21:00:00,108.4
2025-09-17 22:00:00,150.9
2025-09-17 23:00:00,159.8
2025-09-18 12:00:00,11.2
2025-09-18 13:00:00,22.799999999999997
2025-09-18 14:00:00,28.7
2025-09-18 15:00:00,45.1
2025-09-18 16:00:00,132.5
2025-09-18 17:00:00,133.3
2025-09-18 18:00:00,146.4
2025-09-18 19:00:00,161.1
2025-09-18 20:00:00,129.7
2025-09-18 21:00:00,90.10000000000001
2025-09-18 22:00:00,165.6
2025-09-18 23:00:00,83.8
2025-09-19 12:00:00,20.1
2025-09-19 13:00:00,58.0
2025-09-19 14:00:00,58.2
2025-09-19 15:00:00,40.4
2025-09-19 16:00:00,186.9
2025-09-19 17:00:00,153.3
2025-09-19 18:00:00,263.0
2025-09-19 19:00:00,279.5
2025-09-19 20:00:00,144.0
2025-09-19 21:00:00,111.6
2025-09-19 22:00:00,287.7
2025-09-19 23:00:00,245.5
2025-09-20 00:00:00,152.5
2025-09-20 14:00:00,59.7
2025-09-20 15:00:00,79.4
2025-09-20 16:00:00,87.1
2025-09-20 17:00:00,121.4
2025-09-20 18:00:00,173.2
2025-09-20 19:00:00,210.0
2025-09-20 20:00:00,59.7
2025-09-20 21:00:00,103.2
2025-09-20 22:00:00,68.2
2025-09-20 23:00:00,109.10000000000001
2025-09-21 00:00:00,47.2
2025-09-21 12:00:00,1.9
2025-09-21 13:00:00,23.0
2025-09-21 14:00:00,51.4
2025-09-21 15:00:00,142.5
2025-09-21 16:00:00,206.5
2025-09-21 17:00:00,109.6
2025-09-21 18:00:00,172.3
2025-09-21 19:00:00,248.7
2025-09-21 20:00:00,103.60000000000001
2025-09-21 21:00:00,44.3
2025-09-21 22:00:00,88.8
2025-09-21 23:00:00,36.2
2025-09-22 13:00:00,6.800000000000001
2025-09-22 14:00:00,6.7
2025-09-22 15:00:00,28.3
2025-09-22 16:00:00,29.9
2025-09-22 17:00:00,17.6
2025-09-22 18:00:00,66.5
2025-09-22 19:00:00,59.9
2025-09-22 20:00:00,17.7
2025-09-22 21:00:00,19.4
2025-09-22 22:00:00,73.10000000000001
2025-09-22 23:00:00,16.1
2025-09-23 12:00:00,17.4
2025-09-23 13:00:00,11.1
2025-09-23 14:00:00,17.5
2025-09-23 15:00:00,51.1
2025-09-23 16:00:00,76.9
2025-09-23 17:00:00,52.8
2025-09-23 18:00:00,145.3
2025-09-23 19:00:00,158.4
2025-09-23 20:00:00,91.6
2025-09-23 21:00:00,99.7
2025-09-23 22:00:00,77.2
2025-09-23 23:00:00,56.4
2025-09-24 13:00:00,34.0
2025-09-24 14:00:00,36.5
2025-09-24 15:00:00,86.8
2025-09-24 16:00:00,165.5
2025-09-24 17:00:00,218.5
2025-09-24 18:00:00,135.3
2025-09-24 19:00:00,198.9
2025-09-24 20:00:00,63.5
2025-09-24 21:00:00,70.7
2025-09-24 22:00:00,240.5
2025-09-24 23:00:00,61.5
2025-09-25 11:00:00,2.6
2025-09-25 12:00:00,6.800000000000001
2025-09-25 13:00:00,10.8
2025-09-25 14:00:00,63.5
2025-09-25 15:00:00,70.2
2025-09-25 16:00:00,68.9
2025-09-25 17:00:00,36.7
2025-09-25 18:00:00,109.5
2025-09-25 19:00:00,82.7
2025-09-25 20:00:00,51.0
2025-09-25 21:00:00,71.4
2025-09-25 22:00:00,93.2
2025-09-25 23:00:00,68.6
2025-09-26 00:00:00,3.7
2025-09-26 12:00:00,37.4
2025-09-26 13:00:00,18.3
2025-09-26 14:00:00,54.5
2025-09-26 15:00:00,77.3
2025-09-26 16:00:00,219.8
2025-09-26 17:00:00,201.70000000000002
2025-09-26 18:00:00,180.7
2025-09-26 19:00:00,318.7
2025-09-26 20:00:00,65.0
2025-09-26 21:00:00,235.7
2025-09-26 22:00:00,294.1
2025-09-26 23:00:00,455.90000000000003
2025-09-27 00:00:00,168.3
2025-09-27 12:00:00,11.100000000000001
2025-09-27 13:00:00,133.7
2025-09-27 14:00:00,70.2
2025-09-27 15:00:00,285.8
2025-09-27 16:00:00,325.2
2025-09-27 17:00:00,218.6
2025-09-27 18:00:00,349.9
2025-09-27 19:00:00,277.2
2025-09-27 20:00:00,292.6
2025-09-27 21:00:00,179.3
2025-09-27 22:00:00,413.0
2025-09-27 23:00:00,409.6
2025-09-28 00:00:00,154.7
2025-09-28 12:00:00,35.4
2025-09-28 13:00:00,60.9
2025-09-28 14:00:00,107.1
2025-09-28 15:00:00,207.5
2025-09-28 16:00:00,359.7
2025-09-28 17:00:00,363.40000000000003
2025-09-28 18:00:00,449.1
2025-09-28 19:00:00,316.1
2025-09-28 20:00:00,203.0
2025-09-28 21:00:00,62.4
2025-09-28 22:00:00,92.8
2025-09-28 23:00:00,96.0
2025-09-29 12:00:00,7.4
2025-09-29 13:00:00,6.8
2025-09-29 14:00:00,36.400000000000006
2025-09-29 15:00:00,106.1
2025-09-29 16:00:00,91.5
2025-09-29 17:00:00,119.8
2025-09-29 18:00:00,201.3
2025-09-29 19:00:00,209.5
2025-09-29 20:00:00,94.00000000000001
2025-09-29 21:00:00,79.5
2025-09-29 22:00:00,98.3
2025-09-29 23:00:00,34.4
2025-09-30 00:00:00,22.9
2025-09-30 12:00:00,3.1
2025-09-30 13:00:00,10.9
2025-09-30 14:00:00,53.1
2025-09-30 15:00:00,79.5
2025-09-30 16:00:00,134.70000000000002
2025-09-30 17:00:00,159.0
2025-09-30 18:00:00,189.6
2025-09-30 19:00:00,208.5
2025-09-30 20:00:00,92.9
2025-09-30 21:00:00,40.300000000000004
2025-09-30 22:00:00,62.1
2025-09-30 23:00:00,37.9
2025-10-01 12:00:00,15.4
2025-10-01 13:00:00,40.8
2025-10-01 14:00:00,82.2
2025-10-01 15:00:00,108.3
2025-10-01 16:00:00,76.4
2025-10-01 17:00:00,127.4
2025-10-01 18:00:00,143.4
2025-10-01 19:00:00,157.1
2025-10-01 20:00:00,93.0
2025-10-01 21:00:00,74.0
2025-10-01 22:00:00,118.4
2025-10-01 23:00:00,78.3
2025-10-02 12:00:00,8.2
2025-10-02 13:00:00,18.7
2025-10-02 14:00:00,32.3
2025-10-02 15:00:00,66.2
2025-10-02 16:00:00,52.0
2025-10-02 17:00:00,136.4
2025-10-02 18:00:00,241.6
2025-10-02 19:00:00,134.3
2025-10-02 20:00:00,208.0
2025-10-02 21:00:00,98.60000000000001
2025-10-02 22:00:00,197.8
2025-10-02 23:00:00,52.0
2025-10-03 13:00:00,23.5
2025-10-03 14:00:00,93.3
2025-10-03 15:00:00,126.9
2025-10-03 16:00:00,118.0
2025-10-03 17:00:00,135.5
2025-10-03 18:00:00,241.9
2025-10-03 19:00:00,210.8
2025-10-03 20:00:00,71.2
2025-10-03 21:00:00,120.89999999999999
2025-10-03 22:00:00,333.3
2025-10-03 23:00:00,335.2
2025-10-04 00:00:00,111.2
2025-10-04 12:00:00,3.5
2025-10-04 14:00:00,40.9
2025-10-04 15:00:00,102.2
2025-10-04 16:00:00,63.0
2025-10-04 17:00:00,22.0
2025-10-04 18:00:00,41.9
2025-10-04 19:00:00,172.9
2025-10-04 20:00:00,77.2
2025-10-04 21:00:00,136.3
2025-10-04 22:00:00,227.8
2025-10-04 23:00:00,141.1
2025-10-05 00:00:00,108.1
2025-10-05 12:00:00,3.1
2025-10-05 13:00:00,18.4
2025-10-05 14:00:00,79.5
2025-10-05 15:00:00,217.20000000000002
2025-10-05 16:00:00,292.9
2025-10-05 17:00:00,299.4
2025-10-05 18:00:00,283.1
2025-10-05 19:00:00,326.8
2025-10-05 20:00:00,389.1
2025-10-05 21:00:00,149.1
2025-10-05 22:00:00,119.9
2025-10-05 23:00:00,50.4
2025-10-06 11:00:00,1.8
2025-10-06 12:00:00,3.1
2025-10-06 13:00:00,14.8
2025-10-06 14:00:00,36.1
2025-10-06 15:00:00,53.3
2025-10-06 16:00:00,65.3
2025-10-06 17:00:00,70.9
2025-10-06 18:00:00,132.1
2025-10-06 19:00:00,232.4
2025-10-06 20:00:00,61.8
2025-10-06 21:00:00,56.4
2025-10-06 22:00:00,74.4
2025-10-06 23:00:00,84.3
2025-10-07 15:00:00,16.1
2025-10-07 16:00:00,35.7
2025-10-07 17:00:00,89.8
2025-10-07 18:00:00,176.7
2025-10-07 19:00:00,53.6
2025-10-07 20:00:00,126.0
2025-10-07 21:00:00,73.8
2025-10-07 22:00:00,43.2
2025-10-07 23:00:00,49.6
2025-10-08 12:00:00,3.1
2025-10-08 13:00:00,20.0
2025-10-08 15:00:00,40.7
2025-10-08 16:00:00,109.3
2025-10-08 17:00:00,72.0
2025-10-08 18:00:00,103.1
2025-10-08 19:00:00,184.5
2025-10-08 20:00:00,94.9
2025-10-08 21:00:00,51.300000000000004
2025-10-08 22:00:00,125.0
2025-10-08 23:00:00,40.1
2025-10-09 13:00:00,11.5
2025-10-09 14:00:00,18.1
2025-10-09 15:00:00,10.5
2025-10-09 16:00:00,64.2
2025-10-09 17:00:00,30.7
2025-10-09 18:00:00,50.3
2025-10-09 19:00:00,165.2
2025-10-09 20:00:00,94.9
2025-10-09 21:00:00,52.699999999999996
2025-10-09 22:00:00,52.0
2025-10-09 23:00:00,104.9
2025-10-10 12:00:00,10.0
2025-10-10 13:00:00,16.2
2025-10-10 14:00:00,25.1
2025-10-10 15:00:00,154.0
2025-10-10 16:00:00,166.3
2025-10-10 17:00:00,124.60000000000001
2025-10-10 18:00:00,228.8
2025-10-10 19:00:00,206.1
2025-10-10 20:00:00,158.9
2025-10-10 21:00:00,98.7
2025-10-10 22:00:00,234.9
2025-10-10 23:00:00,145.4
2025-10-11 00:00:00,88.9
2025-10-11 12:00:00,17.0
2025-10-11 13:00:00,85.7
2025-10-11 14:00:00,128.20000000000002
2025-10-11 15:00:00,212.2
2025-10-11 16:00:00,287.2
2025-10-11 17:00:00,259.8
2025-10-11 18:00:00,348.9
2025-10-11 19:00:00,348.1
2025-10-11 20:00:00,85.30000000000001
2025-10-11 21:00:00,115.6
2025-10-11 22:00:00,195.20000000000002
2025-10-11 23:00:00,265.4
2025-10-12 00:00:00,135.70000000000002
2025-10-12 12:00:00,38.9
2025-10-12 13:00:00,80.4
2025-10-12 14:00:00,148.2
2025-10-12 15:00:00,281.3
2025-10-12 16:00:00,347.1
2025-10-12 17:00:00,454.5
2025-10-12 18:00:00,416.40000000000003
2025-10-12 19:00:00,365.9
2025-10-12 20:00:00,226.5
2025-10-12 21:00:00,66.3
2025-10-12 22:00:00,119.2
2025-10-12 23:00:00,101.4
2025-10-15 13:00:00,33.6
2025-10-15 14:00:00,54.300000000000004
2025-10-15 15:00:00,156.9
2025-10-15 16:00:00,111.8
2025-10-15 17:00:00,118.9
2025-10-15 18:00:00,148.9
2025-10-15 19:00:00,82.8
2025-10-15 20:00:00,39.5
2025-10-15 21:00:00,96.2
2025-10-15 22:00:00,76.8
2025-10-15 23:00:00,34.0
2025-10-16 13:00:00,24.6
2025-10-16 14:00:00,38.4
2025-10-16 15:00:00,42.7
2025-10-16 16:00:00,67.8
2025-10-16 17:00:00,86.4
2025-10-16 18:00:00,113.4
2025-10-16 19:00:00,124.3
2025-10-16 20:00:00,59.8
2025-10-16 21:00:00,47.1
2025-10-16 22:00:00,143.4
2025-10-16 23:00:00,7.4
2025-10-17 12:00:00,13.7
2025-10-17 13:00:00,20.2
2025-10-17 14:00:00,58.1
2025-10-17 15:00:00,107.6
2025-10-17 16:00:00,113.5
2025-10-17 17:00:00,171.6
2025-10-17 18:00:00,197.70000000000002
2025-10-17 19:00:00,177.2
2025-10-17 20:00:00,236.7
2025-10-17 21:00:00,114.9
2025-10-17 22:00:00,222.3
2025-10-17 23:00:00,327.2
2025-10-18 00:00:00,47.7
2025-10-18 12:00:00,12.7
2025-10-18 13:00:00,63.5
2025-10-18 14:00:00,122.9
2025-10-18 15:00:00,185.4
2025-10-18 16:00:00,257.8
2025-10-18 17:00:00,232.2
2025-10-18 18:00:00,367.0
2025-10-18 19:00:00,313.1
2025-10-18 20:00:00,215.3
2025-10-18 21:00:00,156.9
2025-10-18 22:00:00,309.3
2025-10-18 23:00:00,204.8
2025-10-19 00:00:00,67.7
2025-10-19 13:00:00,30.7
2025-10-19 14:00:00,44.7
2025-10-19 15:00:00,242.6
2025-10-19 16:00:00,410.6
2025-10-19 17:00:00,140.0
2025-10-19 18:00:00,287.8
2025-10-19 19:00:00,251.5
2025-10-19 20:00:00,210.4
2025-10-19 21:00:00,197.0
2025-10-19 22:00:00,156.8
2025-10-19 23:00:00,25.900000000000002
2025-10-20 14:00:00,32.2
2025-10-20 15:00:00,39.9
2025-10-20 16:00:00,55.300000000000004
2025-10-20 17:00:00,63.5
2025-10-20 18:00:00,162.8
2025-10-20 19:00:00,68.4
2025-10-20 20:00:00,74.9
2025-10-20 21:00:00,81.7
2025-10-20 22:00:00,48.6
2025-10-20 23:00:00,32.900000000000006
2025-10-22 12:00:00,17.8
2025-10-22 13:00:00,46.5
2025-10-22 14:00:00,105.60000000000001
2025-10-22 15:00:00,168.4
2025-10-22 16:00:00,98.3
2025-10-22 17:00:00,136.3
2025-10-22 18:00:00,148.7
2025-10-22 19:00:00,190.6
2025-10-22 20:00:00,110.1
2025-10-22 21:00:00,76.4
2025-10-22 22:00:00,97.2
2025-10-22 23:00:00,3.1
2025-10-23 14:00:00,28.3
2025-10-23 15:00:00,25.9
2025-10-23 16:00:00,86.7
2025-10-23 17:00:00,35.5
2025-10-23 18:00:00,25.8
2025-10-23 19:00:00,99.6
2025-10-23 20:00:00,68.9
2025-10-23 21:00:00,3.1
2025-10-23 22:00:00,49.9
2025-10-23 23:00:00,57.5
2025-10-24 13:00:00,41.8
2025-10-24 14:00:00,41.2
2025-10-24 15:00:00,61.2
2025-10-24 16:00:00,162.3
2025-10-24 17:00:00,138.7
2025-10-24 18:00:00,146.2
2025-10-24 19:00:00,191.1
2025-10-24 20:00:00,75.60000000000001
2025-10-24 21:00:00,166.2
2025-10-24 22:00:00,195.7
2025-10-24 23:00:00,201.1
2025-10-25 00:00:00,46.1
2025-10-25 12:00:00,15.799999999999999
2025-10-25 13:00:00,17.0
2025-10-25 14:00:00,22.5
2025-10-25 15:00:00,69.4
2025-10-25 16:00:00,115.5
2025-10-25 17:00:00,38.7
2025-10-25 18:00:00,116.60000000000001
2025-10-25 19:00:00,152.6
2025-10-25 20:00:00,62.900000000000006
2025-10-25 21:00:00,149.1
2025-10-25 22:00:00,208.5
2025-10-25 23:00:00,102.7
2025-10-26 00:00:00,41.9
2025-10-26 12:00:00,18.0
2025-10-26 13:00:00,39.5
2025-10-26 14:00:00,111.1
2025-10-26 15:00:00,176.7
2025-10-26 16:00:00,107.9
2025-10-26 17:00:00,115.39999999999999
2025-10-26 18:00:00,194.2
2025-10-26 19:00:00,302.8
2025-10-26 20:00:00,138.6
2025-10-26 21:00:00,118.3
2025-10-26 22:00:00,118.2
2025-10-26 23:00:00,6.800000000000001
2025-10-27 12:00:00,2.0
2025-10-27 13:00:00,37.9
2025-10-27 14:00:00,71.2
2025-10-27 15:00:00,114.8
2025-10-27 16:00:00,143.3
2025-10-27 17:00:00,145.1
2025-10-27 18:00:00,262.7
2025-10-27 19:00:00,182.7
2025-10-27 20:00:00,78.4
2025-10-27 21:00:00,84.5
2025-10-27 22:00:00,27.3
2025-10-28 12:00:00,6.8
2025-10-28 13:00:00,57.1
2025-10-28 14:00:00,90.5
2025-10-28 15:00:00,104.2
2025-10-28 16:00:00,149.3
2025-10-28 17:00:00,111.7
2025-10-28 18:00:00,269.9
2025-10-28 19:00:00,166.9
2025-10-28 20:00:00,76.2
2025-10-28 21:00:00,85.8
2025-10-28 22:00:00,21.4
2025-10-28 23:00:00,46.50000000000001
2025-10-29 12:00:00,62.5
2025-10-29 13:00:00,70.1
2025-10-29 14:00:00,77.8
2025-10-29 15:00:00,56.1
2025-10-29 16:00:00,97.3
2025-10-29 17:00:00,49.900000000000006
2025-10-29 18:00:00,96.8
2025-10-29 19:00:00,93.1
2025-10-29 20:00:00,58.7
2025-10-29 21:00:00,56.9
2025-10-29 22:00:00,47.4
2025-10-29 23:00:00,24.1
2025-10-30 12:00:00,58.6
2025-10-30 13:00:00,43.400000000000006
2025-10-30 14:00:00,62.400000000000006
2025-10-30 15:00:00,37.9
2025-10-30 16:00:00,150.3
2025-10-30 17:00:00,177.1
2025-10-30 18:00:00,168.0
2025-10-30 19:00:00,281.7
2025-10-30 20:00:00,80.3
2025-10-30 21:00:00,73.3
2025-10-30 22:00:00,54.4
2025-10-30 23:00:00,22.0
2025-10-31 12:00:00,16.2
2025-10-31 13:00:00,33.2
2025-10-31 14:00:00,36.3
2025-10-31 15:00:00,37.9
2025-10-31 16:00:00,10.5
2025-10-31 17:00:00,18.3
2025-10-31 18:00:00,94.7
2025-10-31 19:00:00,6.800000000000001
2025-10-31 20:00:00,62.1
2025-10-31 21:00:00,71.0
2025-10-31 22:00:00,168.1
2025-10-31 23:00:00,151.7
2025-11-01 00:00:00,107.7
2025-11-01 12:00:00,34.0
2025-11-01 13:00:00,77.3
2025-11-01 14:00:00,65.9
2025-11-01 15:00:00,96.5
2025-11-01 16:00:00,59.2
2025-11-01 17:00:00,141.6
2025-11-01 18:00:00,226.5
2025-11-01 19:00:00,210.9
2025-11-01 20:00:00,184.3
2025-11-01 21:00:00,113.0
2025-11-01 22:00:00,215.3
2025-11-01 23:00:00,236.9
2025-11-02 00:00:00,90.5
2025-11-02 12:00:00,1.9
2025-11-02 13:00:00,39.9
2025-11-02 14:00:00,143.0
2025-11-02 15:00:00,196.20000000000002
2025-11-02 16:00:00,254.3
2025-11-02 17:00:00,275.5
2025-11-02 18:00:00,390.2
2025-11-02 19:00:00,239.5
2025-11-02 20:00:00,157.3
2025-11-02 21:00:00,67.0
2025-11-02 22:00:00,174.0
2025-11-02 23:00:00,28.400000000000002
2025-11-03 13:00:00,7.9
2025-11-03 14:00:00,29.700000000000003
2025-11-03 15:00:00,27.299999999999997
2025-11-03 16:00:00,52.6
2025-11-03 17:00:00,84.3
2025-11-03 18:00:00,106.8
2025-11-03 19:00:00,90.4
2025-11-03 20:00:00,73.1
2025-11-03 21:00:00,25.2
2025-11-03 22:00:00,68.9
2025-11-03 23:00:00,12.6
2025-11-05 12:00:00,3.7
2025-11-05 13:00:00,17.6
2025-11-05 14:00:00,53.0
2025-11-05 15:00:00,79.6
2025-11-05 16:00:00,96.3
2025-11-05 17:00:00,73.4
2025-11-05 18:00:00,116.60000000000001
2025-11-05 19:00:00,89.8
2025-11-05 20:00:00,13.4
2025-11-05 21:00:00,28.8
2025-11-05 22:00:00,47.6
2025-11-06 14:00:00,4.1
2025-11-06 15:00:00,3.1
2025-11-06 16:00:00,56.300000000000004
2025-11-06 17:00:00,48.0
2025-11-06 18:00:00,61.599999999999994
2025-11-06 19:00:00,9.9
2025-11-06 20:00:00,21.3
2025-11-06 21:00:00,16.1
2025-11-06 22:00:00,20.4
2025-11-06 23:00:00,11.600000000000001
2025-11-07 12:00:00,10.0
2025-11-07 13:00:00,12.0
2025-11-07 14:00:00,2.0
2025-11-07 15:00:00,5.1
2025-11-07 16:00:00,30.4
2025-11-07 17:00:00,60.6
2025-11-07 18:00:00,58.9
2025-11-07 19:00:00,107.30000000000001
2025-11-07 20:00:00,26.900000000000002
2025-11-07 21:00:00,73.2
2025-11-07 22:00:00,114.0
2025-11-07 23:00:00,45.2
2025-11-08 00:00:00,47.2
2025-11-08 12:00:00,10.7
2025-11-08 13:00:00,40.699999999999996
2025-11-08 14:00:00,64.2
2025-11-08 15:00:00,78.6
2025-11-08 16:00:00,254.1
2025-11-08 17:00:00,139.5
2025-11-08 18:00:00,311.0
2025-11-08 19:00:00,230.9
2025-11-08 20:00:00,275.7
2025-11-08 21:00:00,184.2
2025-11-08 22:00:00,314.4
2025-11-08 23:00:00,260.3
2025-11-09 00:00:00,70.0
2025-11-09 12:00:00,35.2
2025-11-09 13:00:00,32.7
2025-11-09 14:00:00,147.6
2025-11-09 15:00:00,232.0
2025-11-09 16:00:00,387.1
2025-11-09 17:00:00,485.8
2025-11-09 18:00:00,162.20000000000002
2025-11-09 19:00:00,42.400000000000006
2025-11-09 20:00:00,29.0
2025-11-09 21:00:00,100.0
2025-11-09 22:00:00,120.5
2025-11-09 23:00:00,53.6
2025-11-10 12:00:00,6.6
2025-11-10 13:00:00,18.0
2025-11-10 14:00:00,17.7
2025-11-10 15:00:00,62.2
2025-11-10 16:00:00,82.5
2025-11-10 17:00:00,84.6
2025-11-10 18:00:00,99.9
2025-11-10 19:00:00,125.0
2025-11-10 20:00:00,23.700000000000003
2025-11-10 21:00:00,90.6
2025-11-10 22:00:00,129.0
2025-11-10 23:00:00,51.699999999999996
2025-11-11 15:00:00,0.4
2025-11-12 15:00:00,66.8
2025-11-12 16:00:00,53.9
2025-11-12 17:00:00,105.3
2025-11-12 18:00:00,117.2
2025-11-12 19:00:00,151.0
2025-11-12 20:00:00,119.0
2025-11-12 21:00:00,44.2
2025-11-12 22:00:00,45.2
2025-11-12 23:00:00,21.0
2025-11-13 12:00:00,7.6
2025-11-13 13:00:00,14.4
2025-11-13 14:00:00,8.1
2025-11-13 15:00:00,36.6
2025-11-13 16:00:00,32.7
2025-11-13 17:00:00,43.3
2025-11-13 18:00:00,68.10000000000001
2025-11-13 19:00:00,90.1
2025-11-13 20:00:00,65.6
2025-11-13 21:00:00,91.60000000000001
2025-11-13 22:00:00,76.80000000000001
2025-11-13 23:00:00,19.0
2025-11-14 12:00:00,10.0
2025-11-14 13:00:00,5.4
2025-11-14 14:00:00,21.0
2025-11-14 15:00:00,76.6
2025-11-14 16:00:00,73.3
2025-11-14 17:00:00,100.7
2025-11-14 18:00:00,176.2
2025-11-14 19:00:00,169.0
2025-11-14 20:00:00,109.7
2025-11-14 21:00:00,132.1
2025-11-14 22:00:00,178.9
2025-11-14 23:00:00,220.9
2025-11-15 00:00:00,10.3
2025-11-15 12:00:00,3.1
2025-11-15 13:00:00,30.8
2025-11-15 14:00:00,70.9
2025-11-15 15:00:00,115.7
2025-11-15 16:00:00,125.7
2025-11-15 17:00:00,100.7
2025-11-15 18:00:00,137.79999999999998
2025-11-15 19:00:00,61.2
2025-11-15 20:00:00,80.0
2025-11-15 21:00:00,68.7
2025-11-15 22:00:00,181.4
2025-11-15 23:00:00,186.7
2025-11-16 00:00:00,78.9
2025-11-16 12:00:00,44.4
2025-11-16 13:00:00,62.0
2025-11-16 14:00:00,167.5
2025-11-16 15:00:00,358.1
2025-11-16 16:00:00,374.8
2025-11-16 17:00:00,239.6
2025-11-16 18:00:00,313.8
2025-11-16 19:00:00,233.8
2025-11-16 20:00:00,107.4
2025-11-16 21:00:00,127.3
2025-11-16 22:00:00,150.20000000000002
2025-11-16 23:00:00,22.4
2025-11-17 12:00:00,15.2
2025-11-17 15:00:00,7.4
2025-11-17 16:00:00,60.2
2025-11-17 18:00:00,46.7
2025-11-17 19:00:00,18.4
2025-11-17 20:00:00,31.5
2025-11-17 21:00:00,3.7
2025-11-17 22:00:00,20.9
2025-11-19 12:00:00,4.5
2025-11-19 13:00:00,14.7
2025-11-19 14:00:00,9.1
2025-11-19 15:00:00,14.100000000000001
2025-11-19 16:00:00,13.0
2025-11-19 17:00:00,25.1
2025-11-19 18:00:00,22.299999999999997
2025-11-19 19:00:00,19.9
2025-11-19 20:00:00,27.2
2025-11-19 21:00:00,13.0
2025-11-19 22:00:00,12.4
2025-11-19 23:00:00,11.5
2025-11-20 12:00:00,18.6
2025-11-20 14:00:00,11.5
2025-11-20 16:00:00,15.499999999999998
2025-11-20 17:00:00,11.1
2025-11-20 18:00:00,25.7
2025-11-20 19:00:00,39.7
2025-11-20 20:00:00,10.8
2025-11-20 21:00:00,24.9
2025-11-20 23:00:00,3.1
2025-11-21 13:00:00,3.1
2025-11-21 15:00:00,32.3
2025-11-21 16:00:00,81.6
2025-11-21 17:00:00,69.1
2025-11-21 18:00:00,60.0
2025-11-21 19:00:00,44.4
2025-11-21 20:00:00,98.2
2025-11-21 21:00:00,55.5
2025-11-21 22:00:00,93.8
2025-11-21 23:00:00,138.9
2025-11-22 00:00:00,49.199999999999996
2025-11-22 13:00:00,65.0
2025-11-22 14:00:00,80.1
2025-11-22 15:00:00,90.2
2025-11-22 16:00:00,142.9
2025-11-22 17:00:00,79.6
2025-11-22 18:00:00,189.6
2025-11-22 19:00:00,127.7
2025-11-22 20:00:00,43.099999999999994
2025-11-22 21:00:00,76.0
2025-11-22 22:00:00,35.4
2025-11-22 23:00:00,50.300000000000004
2025-11-23 00:00:00,30.6
2025-11-23 13:00:00,14.0
2025-11-23 14:00:00,36.7
2025-11-23 15:00:00,77.2
2025-11-23 16:00:00,236.6
2025-11-23 17:00:00,157.3
2025-11-23 18:00:00,256.0
2025-11-23 19:00:00,220.2
2025-11-23 20:00:00,88.7
2025-11-23 21:00:00,20.2
2025-11-23 22:00:00,90.6
2025-11-24 14:00:00,3.1
2025-11-24 15:00:00,2.4
2025-11-24 16:00:00,22.9
2025-11-24 17:00:00,65.0
2025-11-24 18:00:00,87.5
2025-11-24 19:00:00,18.400000000000002
2025-11-24 20:00:00,20.700000000000003
2025-11-24 21:00:00,1.9
2025-11-24 22:00:00,52.1
2025-11-26 13:00:00,4.5
2025-11-26 14:00:00,20.4
2025-11-26 15:00:00,29.6
2025-11-26 16:00:00,74.4
2025-11-26 17:00:00,48.2
2025-11-26 18:00:00,145.1
2025-11-26 19:00:00,51.8
2025-11-26 20:00:00,56.5
2025-11-26 21:00:00,61.8
2025-11-26 22:00:00,58.9
2025-11-26 23:00:00,8.4
2025-11-27 13:00:00,9.7
2025-11-27 14:00:00,38.7
2025-11-27 15:00:00,10.0
2025-11-27 16:00:00,14.5
2025-11-27 17:00:00,31.2
2025-11-27 18:00:00,39.6
2025-11-27 19:00:00,101.0
2025-11-27 20:00:00,96.0
2025-11-27 21:00:00,51.9
2025-11-27 22:00:00,46.1
2025-11-27 23:00:00,4.2
2025-11-28 12:00:00,7.4
2025-11-28 14:00:00,21.5
2025-11-28 15:00:00,69.6
2025-11-28 16:00:00,136.7
2025-11-28 17:00:00,91.0
2025-11-28 18:00:00,89.7
2025-11-28 19:00:00,115.4
2025-11-28 20:00:00,80.1
2025-11-28 21:00:00,173.4
2025-11-28 22:00:00,219.9
2025-11-28 23:00:00,141.8
2025-11-29 00:00:00,11.100000000000001
2025-11-29 12:00:00,10.5
2025-11-29 13:00:00,25.4
2025-11-29 14:00:00,51.8
2025-11-29 15:00:00,167.3
2025-11-29 16:00:00,183.0
2025-11-29 17:00:00,178.8
2025-11-29 18:00:00,104.3
2025-11-29 19:00:00,129.2
2025-11-29 20:00:00,65.9
2025-11-29 21:00:00,94.5
2025-11-29 22:00:00,82.9
2025-11-29 23:00:00,29.700000000000003
2025-11-30 00:00:00,17.6
2025-11-30 12:00:00,3.7
2025-11-30 13:00:00,6.0
2025-11-30 14:00:00,16.1
2025-11-30 15:00:00,127.7
2025-11-30 16:00:00,122.9
2025-11-30 17:00:00,83.1
2025-11-30 18:00:00,219.7
2025-11-30 19:00:00,207.1
2025-11-30 20:00:00,54.7
2025-11-30 21:00:00,115.7
2025-11-30 22:00:00,48.800000000000004
2025-11-30 23:00:00,3.5
2025-12-01 12:00:00,12.0
2025-12-01 13:00:00,15.0
2025-12-01 14:00:00,27.1
2025-12-01 15:00:00,36.8
2025-12-01 16:00:00,50.4
2025-12-01 17:00:00,8.5
2025-12-01 18:00:00,73.0
2025-12-01 19:00:00,69.0
2025-12-01 20:00:00,65.1
2025-12-01 21:00:00,13.600000000000001
2025-12-01 22:00:00,3.1
2025-12-01 23:00:00,3.1
2025-12-02 12:00:00,17.1
2025-12-02 13:00:00,8.9
2025-12-02 14:00:00,17.1
2025-12-02 15:00:00,17.3
2025-12-02 16:00:00,44.8
2025-12-02 17:00:00,45.5
2025-12-02 18:00:00,68.9
2025-12-02 19:00:00,90.0
2025-12-02 20:00:00,34.7
2025-12-02 21:00:00,3.1
2025-12-02 22:00:00,15.5
2025-12-03 14:00:00,5.0
2025-12-03 15:00:00,31.5
2025-12-03 16:00:00,23.3
2025-12-03 17:00:00,35.3
2025-12-03 18:00:00,103.9
2025-12-03 19:00:00,55.8
2025-12-03 20:00:00,91.8
2025-12-03 21:00:00,92.19999999999999
2025-12-03 22:00:00,71.5
2025-12-03 23:00:00,3.1
2025-12-04 13:00:00,3.7
2025-12-04 14:00:00,6.4
2025-12-04 16:00:00,4.5
2025-12-04 17:00:00,3.1
2025-12-04 18:00:00,2.6
2025-12-04 19:00:00,0.9
2025-12-04 20:00:00,20.6
2025-12-04 22:00:00,54.4
2025-12-05 14:00:00,14.9
2025-12-05 15:00:00,10.3
2025-12-05 16:00:00,98.6
2025-12-05 17:00:00,52.0
2025-12-05 18:00:00,157.7
2025-12-05 19:00:00,196.3
2025-12-05 20:00:00,358.5
2025-12-05 21:00:00,367.1
2025-12-05 22:00:00,325.40000000000003
2025-12-05 23:00:00,299.2
2025-12-06 00:00:00,74.9
2025-12-06 13:00:00,76.2
2025-12-06 14:00:00,57.1
2025-12-06 15:00:00,95.4
2025-12-06 16:00:00,202.70000000000002
2025-12-06 17:00:00,176.6
2025-12-06 18:00:00,321.7
2025-12-06 19:00:00,93.0
2025-12-06 20:00:00,208.4
2025-12-06 21:00:00,208.0
2025-12-06 22:00:00,234.3
2025-12-06 23:00:00,255.3
2025-12-07 00:00:00,101.5
2025-12-07 01:00:00,3.7
2025-12-07 12:00:00,28.4
2025-12-07 13:00:00,89.5
2025-12-07 14:00:00,77.6
2025-12-07 15:00:00,305.2
2025-12-07 16:00:00,456.1
2025-12-07 17:00:00,333.8
2025-12-07 18:00:00,358.90000000000003
2025-12-07 19:00:00,199.9
2025-12-07 20:00:00,206.3
2025-12-07 21:00:00,184.4
2025-12-07 22:00:00,302.3
2025-12-07 23:00:00,271.5
2025-12-08 00:00:00,93.4
2025-12-08 12:00:00,10.0
2025-12-08 13:00:00,101.2
2025-12-08 14:00:00,95.6
2025-12-08 15:00:00,256.7
2025-12-08 16:00:00,267.8
2025-12-08 17:00:00,123.6
2025-12-08 18:00:00,345.9
2025-12-08 19:00:00,345.9
2025-12-08 20:00:00,246.6
2025-12-08 21:00:00,145.7
2025-12-08 22:00:00,117.89999999999999
2025-12-08 23:00:00,27.1
2025-12-09 16:00:00,42.1
2025-12-09 17:00:00,55.5
2025-12-09 18:00:00,64.7
2025-12-09 19:00:00,80.9
2025-12-09 20:00:00,80.5
2025-12-10 13:00:00,13.2
2025-12-10 14:00:00,14.2
2025-12-10 15:00:00,21.4
2025-12-10 16:00:00,51.1
2025-12-10 17:00:00,54.7
2025-12-10 18:00:00,111.3
2025-12-10 19:00:00,57.7
2025-12-10 20:00:00,35.1
2025-12-10 21:00:00,66.80000000000001
2025-12-10 22:00:00,30.4
2025-12-11 12:00:00,3.1
2025-12-11 13:00:00,34.0
2025-12-11 14:00:00,35.6
2025-12-11 15:00:00,12.8
2025-12-11 16:00:00,75.9
2025-12-11 17:00:00,19.6
2025-12-11 18:00:00,83.2
2025-12-11 19:00:00,107.1
2025-12-11 20:00:00,37.4
2025-12-11 21:00:00,55.7
2025-12-11 22:00:00,10.5
2025-12-12 13:00:00,27.5
2025-12-12 14:00:00,3.1
2025-12-12 15:00:00,9.9
2025-12-12 16:00:00,35.9
2025-12-12 17:00:00,50.5
2025-12-12 18:00:00,104.9
2025-12-12 19:00:00,173.5
2025-12-12 20:00:00,148.0
2025-12-12 21:00:00,137.5
2025-12-12 22:00:00,173.9
2025-12-12 23:00:00,137.2
2025-12-13 00:00:00,20.200000000000003
2025-12-13 12:00:00,3.1
2025-12-13 13:00:00,1.8
2025-12-13 14:00:00,103.4
2025-12-13 15:00:00,243.5
2025-12-13 16:00:00,177.5
2025-12-13 17:00:00,63.900000000000006
2025-12-13 18:00:00,216.0
2025-12-13 19:00:00,269.6
2025-12-13 20:00:00,138.8
2025-12-13 21:00:00,134.7
2025-12-13 22:00:00,202.2
2025-12-13 23:00:00,195.1
2025-12-14 00:00:00,73.1
2025-12-14 12:00:00,25.599999999999998
2025-12-14 13:00:00,37.4
2025-12-14 14:00:00,96.3
2025-12-14 15:00:00,202.8
2025-12-14 16:00:00,387.1
2025-12-14 17:00:00,143.9
2025-12-14 18:00:00,385.1
2025-12-14 19:00:00,165.4
2025-12-14 20:00:00,103.5
2025-12-14 21:00:00,119.4
2025-12-14 22:00:00,93.9
2025-12-14 23:00:00,13.0
2025-12-15 14:00:00,30.1
2025-12-15 15:00:00,11.600000000000001
2025-12-15 16:00:00,24.0
2025-12-15 17:00:00,18.6
2025-12-15 18:00:00,97.4
2025-12-15 19:00:00,52.2
2025-12-15 20:00:00,84.3
2025-12-15 21:00:00,73.7
2025-12-15 22:00:00,45.6
2025-12-15 23:00:00,6.2
2025-12-16 13:00:00,9.9
2025-12-16 15:00:00,12.9
2025-12-16 16:00:00,12.4
2025-12-16 17:00:00,63.3
2025-12-16 18:00:00,23.1
2025-12-16 19:00:00,136.7
2025-12-16 20:00:00,32.4
2025-12-16 21:00:00,11.8
2025-12-16 22:00:00,12.3
2025-12-17 14:00:00,9.4
2025-12-17 15:00:00,25.1
2025-12-17 16:00:00,36.6
2025-12-17 17:00:00,42.0
2025-12-17 18:00:00,107.9
2025-12-17 19:00:00,62.0
2025-12-17 20:00:00,56.3
2025-12-17 21:00:00,38.2
2025-12-17 22:00:00,91.2
2025-12-17 23:00:00,13.0
2025-12-18 14:00:00,4.8
2025-12-18 15:00:00,12.7
2025-12-18 16:00:00,51.1
2025-12-18 17:00:00,50.4
2025-12-18 18:00:00,57.400000000000006
2025-12-18 19:00:00,57.4
2025-12-18 20:00:00,7.5
2025-12-18 21:00:00,30.5
2025-12-18 22:00:00,29.5
2025-12-18 23:00:00,6.8
2025-12-19 12:00:00,6.2
2025-12-19 13:00:00,10.0
2025-12-19 14:00:00,25.1
2025-12-19 15:00:00,23.7
2025-12-19 16:00:00,6.2
2025-12-19 17:00:00,6.2
2025-12-19 18:00:00,40.5
2025-12-19 19:00:00,43.7
2025-12-19 20:00:00,66.9
2025-12-19 21:00:00,56.4
2025-12-19 22:00:00,129.3
2025-12-19 23:00:00,105.7
2025-12-20 00:00:00,31.5
2025-12-20 12:00:00,19.8
2025-12-20 13:00:00,66.1
2025-12-20 14:00:00,126.4
2025-12-20 15:00:00,252.7
2025-12-20 16:00:00,143.7
2025-12-20 17:00:00,50.3
2025-12-20 18:00:00,195.3
2025-12-20 19:00:00,79.3
2025-12-20 20:00:00,56.4
2025-12-20 21:00:00,126.2
2025-12-20 22:00:00,190.7
2025-12-20 23:00:00,137.4
2025-12-21 00:00:00,34.5
2025-12-21 12:00:00,44.0
2025-12-21 13:00:00,15.0
2025-12-21 14:00:00,29.4
2025-12-21 15:00:00,48.4
2025-12-21 16:00:00,97.10000000000001
2025-12-21 17:00:00,99.4
2025-12-21 18:00:00,89.7
2025-12-21 19:00:00,225.1
2025-12-21 20:00:00,99.30000000000001
2025-12-21 21:00:00,178.1
2025-12-21 22:00:00,110.0
2025-12-21 23:00:00,18.3
2025-12-22 13:00:00,45.800000000000004
2025-12-22 14:00:00,26.0
2025-12-22 15:00:00,53.5
2025-12-22 16:00:00,38.4
2025-12-22 17:00:00,141.6
2025-12-22 18:00:00,156.2
2025-12-22 19:00:00,108.7
2025-12-22 20:00:00,11.0
2025-12-22 21:00:00,119.7
2025-12-22 22:00:00,78.0
2025-12-22 23:00:00,32.300000000000004
2025-12-23 12:00:00,53.4
2025-12-23 14:00:00,19.1
2025-12-23 15:00:00,51.0
2025-12-23 16:00:00,31.5
2025-12-23 17:00:00,20.7
2025-12-23 18:00:00,89.7
2025-12-23 19:00:00,264.6
2025-12-23 20:00:00,107.4
2025-12-23 21:00:00,118.3
2025-12-23 22:00:00,98.8
2025-12-23 23:00:00,40.2
2025-12-24 12:00:00,95.7
2025-12-24 13:00:00,156.6
2025-12-24 15:00:00,102.5
2025-12-24 16:00:00,67.5
2025-12-24 17:00:00,108.39999999999999
2025-12-24 18:00:00,183.5
2025-12-24 19:00:00,108.4
2025-12-24 20:00:00,52.800000000000004
2025-12-25 11:00:00,69.6
2025-12-25 12:00:00,86.6
2025-12-25 13:00:00,155.5
2025-12-25 14:00:00,148.9
2025-12-25 17:00:00,124.3
2025-12-25 18:00:00,119.2
2025-12-25 19:00:00,132.3
2025-12-25 20:00:00,167.0
2025-12-25 21:00:00,201.2
2025-12-25 22:00:00,131.70000000000002
2025-12-25 23:00:00,14.7
2025-12-26 13:00:00,3.1
2025-12-26 14:00:00,7.1
2025-12-26 15:00:00,68.4
2025-12-26 16:00:00,121.9
2025-12-26 17:00:00,70.9
2025-12-26 18:00:00,221.7
2025-12-26 19:00:00,280.90000000000003
2025-12-26 20:00:00,302.1
2025-12-26 21:00:00,126.0
2025-12-26 22:00:00,83.3
2025-12-26 23:00:00,156.1
2025-12-27 00:00:00,45.2
2025-12-27 12:00:00,3.1
2025-12-27 13:00:00,7.4
2025-12-27 14:00:00,93.7
2025-12-27 15:00:00,219.1
2025-12-27 16:00:00,320.0
2025-12-27 17:00:00,354.2
2025-12-27 18:00:00,380.0
2025-12-27 19:00:00,330.7
2025-12-27 20:00:00,240.4
2025-12-27 21:00:00,159.0
2025-12-27 22:00:00,176.1
2025-12-27 23:00:00,146.9
2025-12-28 00:00:00,92.3
2025-12-28 12:00:00,40.3
2025-12-28 13:00:00,146.70000000000002
2025-12-28 14:00:00,113.6
2025-12-28 15:00:00,341.5
2025-12-28 16:00:00,419.90000000000003
2025-12-28 17:00:00,372.3
2025-12-28 18:00:00,446.1
2025-12-28 19:00:00,347.7
2025-12-28 20:00:00,395.9
2025-12-28 21:00:00,186.1
2025-12-28 22:00:00,204.4
2025-12-28 23:00:00,74.3
2025-12-29 12:00:00,10.9
2025-12-29 13:00:00,57.4
2025-12-29 14:00:00,87.3
2025-12-29 15:00:00,228.0
2025-12-29 16:00:00,291.7
2025-12-29 17:00:00,166.2
2025-12-29 18:00:00,276.9
2025-12-29 19:00:00,205.6
2025-12-29 20:00:00,106.1
2025-12-29 21:00:00,121.9
2025-12-29 22:00:00,154.9
2025-12-29 23:00:00,68.6
2025-12-30 12:00:00,23.2
2025-12-30 13:00:00,52.6
2025-12-30 14:00:00,57.2
2025-12-30 15:00:00,35.8
2025-12-30 16:00:00,45.6
2025-12-30 17:00:00,119.1
2025-12-30 18:00:00,211.9
2025-12-30 19:00:00,162.2
2025-12-30 20:00:00,89.4
2025-12-30 21:00:00,82.5
2025-12-30 22:00:00,138.3
2025-12-30 23:00:00,36.3
2025-12-31 12:00:00,20.7
2025-12-31 13:00:00,137.9
2025-12-31 14:00:00,48.0
2025-12-31 15:00:00,192.9
2025-12-31 16:00:00,142.1
2025-12-31 17:00:00,169.7
2025-12-31 18:00:00,108.1
2025-12-31 19:00:00,49.8
